---------------------------------------------------------------------------------------------------------------------------------------------------------------------------------------------------------------------------------------------------------------
      name:  replication
       log:  E:\One Drive\OneDrive - connect.hku.hk\Desktop\test/output/logs/replication.log
  log type:  text
 opened on:   6 Oct 2026, 17:47:12

. display "Stata version: " c(stata_version)
Stata version: 17

. 
. ***Import Data
. use "`raw_dir'/Pay_by_Design_JOLE.dta", clear

. 
. ***Variable Lists
. 
. *Treatments
. global inc_design levels gains p4p

. global inc_size small big

. 
. *Controls
. global base_covs zmathbase1 zmathbase2

. global other_covs female stuage dad_jhs_yn mom_jhs_yn ses class_size teacher_experience teacher_basepay 

. 
. *Secondary Outcomes
. global item_difficulty t_taught_any t_taught_easy t_taught_med t_taught_hard easyscore mediumscore hardscore

. global secondary_stu math_self_concept math_anxiety math_intrin_mtv math_instr_mtv stu_time_math stu_percept_t_practice t_cares t_can_manage ///
>  t_communicates parents_help_hmwk teacher_tutor_times substitute_time

. 
. /***************/
. /****TABLES****/
. /***************/
. 
. 
. /*---------------------------------------------------------------------------------*/
. /*Table 2: Impact of Incentives on Test Scores*/
. 
. eststo clear

. /* reg of incentives */
. eststo: xi: reg z_final_score any_incentive $base_covs i.countyid, vce(cluster schid)
i.countyid        _Icountyid_101-207  (naturally coded; _Icountyid_101 omitted)

Linear regression                               Number of obs     =      7,454
                                                F(18, 213)        =     178.21
                                                Prob > F          =     0.0000
                                                R-squared         =     0.4596
                                                Root MSE          =     .76838

                                  (Std. err. adjusted for 214 clusters in schid)
--------------------------------------------------------------------------------
               |               Robust
 z_final_score | Coefficient  std. err.      t    P>|t|     [95% conf. interval]
---------------+----------------------------------------------------------------
 any_incentive |   .0633979   .0433019     1.46   0.145    -.0219573    .1487531
    zmathbase1 |   .3363039   .0169157    19.88   0.000     .3029603    .3696475
    zmathbase2 |   .3847691   .0148864    25.85   0.000     .3554255    .4141126
_Icountyid_104 |   .1263637   .1070763     1.18   0.239    -.0847013    .3374286
_Icountyid_105 |  -.1305973   .0834996    -1.56   0.119    -.2951887    .0339942
_Icountyid_106 |  -.1377903   .0981453    -1.40   0.162    -.3312508    .0556702
_Icountyid_107 |   .2127131   .1453065     1.46   0.145    -.0737097     .499136
_Icountyid_108 |  -.0092532   .0840244    -0.11   0.912    -.1748792    .1563727
_Icountyid_109 |  -.1015697   .0828002    -1.23   0.221    -.2647825    .0616431
_Icountyid_110 |   .1329457   .1099549     1.21   0.228    -.0837934    .3496849
_Icountyid_111 |   .0272467   .2023067     0.13   0.893     -.371533    .4260264
_Icountyid_201 |  -.2348749   .0800406    -2.93   0.004     -.392648   -.0771018
_Icountyid_202 |  -.3506018   .0725996    -4.83   0.000    -.4937075   -.2074962
_Icountyid_203 |  -.4935676   .0791543    -6.24   0.000    -.6495936   -.3375416
_Icountyid_204 |  -.3960876   .0752635    -5.26   0.000    -.5444444   -.2477308
_Icountyid_205 |  -.1756782   .1913185    -0.92   0.360    -.5527984     .201442
_Icountyid_206 |  -.5173819   .0772091    -6.70   0.000    -.6695737   -.3651902
_Icountyid_207 |  -.2372115   .1000465    -2.37   0.019    -.4344196   -.0400035
         _cons |   .2093346   .0617549     3.39   0.001     .0876056    .3310636
--------------------------------------------------------------------------------
(est1 stored)

.                         su z_final_score if e(sample)==1 & control==1

    Variable |        Obs        Mean    Std. dev.       Min        Max
-------------+---------------------------------------------------------
z_final_sc~e |      1,879   -.0068877    1.002927  -2.518305   2.800046

.                         estadd scalar mean =  round(`r(mean)',0.001)

added scalar:
               e(mean) =  -.007

.                         
. /* reg of incentives2*/
. eststo: xi: reg z_final_score any_incentive $base_covs $other_covs i.countyid, vce(cluster schid)
i.countyid        _Icountyid_101-207  (naturally coded; _Icountyid_101 omitted)

Linear regression                               Number of obs     =      7,373
                                                F(26, 213)        =     166.19
                                                Prob > F          =     0.0000
                                                R-squared         =     0.4736
                                                Root MSE          =     .75815

                                      (Std. err. adjusted for 214 clusters in schid)
------------------------------------------------------------------------------------
                   |               Robust
     z_final_score | Coefficient  std. err.      t    P>|t|     [95% conf. interval]
-------------------+----------------------------------------------------------------
     any_incentive |   .0742611   .0443731     1.67   0.096    -.0132056    .1617278
        zmathbase1 |   .3159056   .0173397    18.22   0.000     .2817262    .3500849
        zmathbase2 |   .3663364   .0150358    24.36   0.000     .3366983    .3959745
            female |  -.1430586   .0193458    -7.39   0.000    -.1811924   -.1049248
            stuage |  -.1008215   .0102776    -9.81   0.000    -.1210803   -.0805626
        dad_jhs_yn |   .0455702   .0183601     2.48   0.014     .0093794    .0817609
        mom_jhs_yn |   .0265813   .0206869     1.28   0.200     -.014196    .0673586
               ses |   .0036223   .0094949     0.38   0.703    -.0150938    .0223383
        class_size |   .0027282   .0013985     1.95   0.052    -.0000285    .0054848
teacher_experience |  -.0005874   .0022663    -0.26   0.796    -.0050547    .0038798
   teacher_basepay |  -.0000366   .0000271    -1.35   0.178      -.00009    .0000168
    _Icountyid_104 |   .2225101   .1031136     2.16   0.032     .0192562    .4257639
    _Icountyid_105 |  -.0774303   .0904973    -0.86   0.393    -.2558154    .1009548
    _Icountyid_106 |  -.0536506   .0945343    -0.57   0.571    -.2399932    .1326921
    _Icountyid_107 |    .236634   .1272347     1.86   0.064    -.0141664    .4874345
    _Icountyid_108 |   .0825444   .0934354     0.88   0.378    -.1016322    .2667209
    _Icountyid_109 |  -.0784098    .086513    -0.91   0.366    -.2489412    .0921216
    _Icountyid_110 |   .2442078   .1079815     2.26   0.025     .0313586     .457057
    _Icountyid_111 |   .1347988   .2128902     0.63   0.527    -.2848427    .5544403
    _Icountyid_201 |  -.1425966   .0908165    -1.57   0.118    -.3216107    .0364175
    _Icountyid_202 |  -.3229178   .0701025    -4.61   0.000    -.4611013   -.1847343
    _Icountyid_203 |   -.405455   .0842994    -4.81   0.000    -.5716229   -.2392871
    _Icountyid_204 |  -.2908927   .0777546    -3.74   0.000    -.4441598   -.1376256
    _Icountyid_205 |  -.1124119   .1868452    -0.60   0.548    -.4807144    .2558906
    _Icountyid_206 |  -.4058458   .0835848    -4.86   0.000    -.5706052   -.2410865
    _Icountyid_207 |  -.1942931   .0992317    -1.96   0.052    -.3898949    .0013088
             _cons |   1.384164   .1768165     7.83   0.000      1.03563    1.732698
------------------------------------------------------------------------------------
(est2 stored)

.                         su z_final_score if e(sample)==1 & control==1

    Variable |        Obs        Mean    Std. dev.       Min        Max
-------------+---------------------------------------------------------
z_final_sc~e |      1,864   -.0039026    1.002673  -2.518305   2.800046

.                         estadd scalar mean =  round(`r(mean)',0.001)

added scalar:
               e(mean) =  -.004

. 
. /* reg of reward size */                        
. eststo: xi: reg z_final_score $inc_size $base_covs i.countyid, vce(cluster schid)
i.countyid        _Icountyid_101-207  (naturally coded; _Icountyid_101 omitted)

Linear regression                               Number of obs     =      7,454
                                                F(19, 213)        =     169.82
                                                Prob > F          =     0.0000
                                                R-squared         =     0.4596
                                                Root MSE          =     .76843

                                  (Std. err. adjusted for 214 clusters in schid)
--------------------------------------------------------------------------------
               |               Robust
 z_final_score | Coefficient  std. err.      t    P>|t|     [95% conf. interval]
---------------+----------------------------------------------------------------
         small |   .0630643   .0532466     1.18   0.238    -.0418935    .1680221
           big |   .0637407   .0453858     1.40   0.162    -.0257221    .1532036
    zmathbase1 |   .3363024   .0168848    19.92   0.000     .3030197     .369585
    zmathbase2 |   .3847736   .0148723    25.87   0.000     .3554578    .4140893
_Icountyid_104 |   .1263423    .107016     1.18   0.239    -.0846036    .3372883
_Icountyid_105 |  -.1306481   .0830251    -1.57   0.117    -.2943042    .0330079
_Icountyid_106 |  -.1377953   .0981566    -1.40   0.162     -.331278    .0556874
_Icountyid_107 |   .2127325   .1454815     1.46   0.145    -.0740354    .4995005
_Icountyid_108 |  -.0091536   .0853197    -0.11   0.915    -.1773327    .1590256
_Icountyid_109 |  -.1014319   .0849066    -1.19   0.234    -.2687967     .065933
_Icountyid_110 |   .1329132   .1100033     1.21   0.228    -.0839213    .3497477
_Icountyid_111 |   .0271276   .2012908     0.13   0.893    -.3696496    .4239049
_Icountyid_201 |  -.2347871   .0802971    -2.92   0.004    -.3930658   -.0765084
_Icountyid_202 |  -.3505742   .0729075    -4.81   0.000    -.4942868   -.2068616
_Icountyid_203 |  -.4935322   .0794192    -6.21   0.000    -.6500805   -.3369839
_Icountyid_204 |  -.3960716   .0754603    -5.25   0.000    -.5448162    -.247327
_Icountyid_205 |  -.1755855   .1895244    -0.93   0.355    -.5491692    .1979982
_Icountyid_206 |  -.5173677   .0773127    -6.69   0.000    -.6697637   -.3649717
_Icountyid_207 |  -.2371843   .1001694    -2.37   0.019    -.4346346    -.039734
         _cons |   .2093045   .0619002     3.38   0.001      .087289      .33132
--------------------------------------------------------------------------------
(est3 stored)

.                         lincom big - small

 ( 1)  - small + big = 0

------------------------------------------------------------------------------
z_final_sc~e | Coefficient  Std. err.      t    P>|t|     [95% conf. interval]
-------------+----------------------------------------------------------------
         (1) |   .0006764   .0480627     0.01   0.989     -.094063    .0954159
------------------------------------------------------------------------------

.                         estadd scalar big_small = round(`r(estimate)',0.001)

added scalar:
          e(big_small) =  .001

.                         local t = `r(estimate)'/`r(se)'

.                         estadd scalar big_small_p = round(2*ttail(e(df_r),abs(`t')),0.001)

added scalar:
        e(big_small_p) =  .989

.                         
.                         su z_final_score if e(sample)==1 & control==1

    Variable |        Obs        Mean    Std. dev.       Min        Max
-------------+---------------------------------------------------------
z_final_sc~e |      1,879   -.0068877    1.002927  -2.518305   2.800046

.                         estadd scalar mean =  round(`r(mean)',0.001)

added scalar:
               e(mean) =  -.007

. 
. /* reg of reward size2*/                        
. eststo: xi: reg z_final_score $inc_size $base_covs $other_covs i.countyid, vce(cluster schid)
i.countyid        _Icountyid_101-207  (naturally coded; _Icountyid_101 omitted)

Linear regression                               Number of obs     =      7,373
                                                F(27, 213)        =     160.93
                                                Prob > F          =     0.0000
                                                R-squared         =     0.4736
                                                Root MSE          =     .75818

                                      (Std. err. adjusted for 214 clusters in schid)
------------------------------------------------------------------------------------
                   |               Robust
     z_final_score | Coefficient  std. err.      t    P>|t|     [95% conf. interval]
-------------------+----------------------------------------------------------------
             small |   .0810778   .0545152     1.49   0.138    -.0263807    .1885363
               big |   .0673607   .0462624     1.46   0.147      -.02383    .1585515
        zmathbase1 |   .3158818   .0173798    18.18   0.000     .2816234    .3501402
        zmathbase2 |    .366222   .0150272    24.37   0.000     .3366009    .3958431
            female |    -.14308   .0193772    -7.38   0.000    -.1812756   -.1048844
            stuage |  -.1008645   .0102943    -9.80   0.000    -.1211562   -.0805728
        dad_jhs_yn |   .0457023   .0183194     2.49   0.013     .0095916    .0818129
        mom_jhs_yn |   .0263515   .0206761     1.27   0.204    -.0144045    .0671076
               ses |    .003762   .0095103     0.40   0.693    -.0149843    .0225083
        class_size |   .0027701   .0014468     1.91   0.057    -.0000818    .0056219
teacher_experience |  -.0005701   .0022608    -0.25   0.801    -.0050264    .0038862
   teacher_basepay |  -.0000369   .0000271    -1.36   0.175    -.0000903    .0000166
    _Icountyid_104 |   .2235955   .1034548     2.16   0.032     .0196692    .4275218
    _Icountyid_105 |   -.075792   .0895759    -0.85   0.398    -.2523607    .1007767
    _Icountyid_106 |  -.0529504   .0944895    -0.56   0.576    -.2392047    .1333038
    _Icountyid_107 |   .2366127   .1272952     1.86   0.064     -.014307    .4875323
    _Icountyid_108 |   .0813586   .0940845     0.86   0.388    -.1040975    .2668146
    _Icountyid_109 |  -.0809789   .0883602    -0.92   0.360    -.2551514    .0931936
    _Icountyid_110 |   .2456281   .1073265     2.29   0.023     .0340699    .4571863
    _Icountyid_111 |   .1380443   .2127566     0.65   0.517    -.2813338    .5574224
    _Icountyid_201 |   -.144029   .0906057    -1.59   0.113    -.3226277    .0345698
    _Icountyid_202 |  -.3233619   .0703652    -4.60   0.000    -.4620631   -.1846606
    _Icountyid_203 |  -.4056352   .0848396    -4.78   0.000    -.5728679   -.2384024
    _Icountyid_204 |   -.291166   .0779677    -3.73   0.000    -.4448532   -.1374789
    _Icountyid_205 |  -.1138699   .1842895    -0.62   0.537    -.4771347    .2493948
    _Icountyid_206 |  -.4054813   .0837812    -4.84   0.000    -.5706278   -.2403347
    _Icountyid_207 |  -.1945536   .0983919    -1.98   0.049    -.3885001   -.0006071
             _cons |   1.383796       .177     7.82   0.000     1.034899    1.732692
------------------------------------------------------------------------------------
(est4 stored)

.                         lincom big - small

 ( 1)  - small + big = 0

------------------------------------------------------------------------------
z_final_sc~e | Coefficient  Std. err.      t    P>|t|     [95% conf. interval]
-------------+----------------------------------------------------------------
         (1) |  -.0137171   .0486536    -0.28   0.778    -.1096212    .0821871
------------------------------------------------------------------------------

.                         estadd scalar big_small = round(`r(estimate)',0.001)

added scalar:
          e(big_small) =  -.014

.                         local t = `r(estimate)'/`r(se)'

.                         estadd scalar big_small_p = round(2*ttail(e(df_r),abs(`t')),0.001)

added scalar:
        e(big_small_p) =  .778

.                         
.                         su z_final_score if e(sample)==1 & control==1

    Variable |        Obs        Mean    Std. dev.       Min        Max
-------------+---------------------------------------------------------
z_final_sc~e |      1,864   -.0039026    1.002673  -2.518305   2.800046

.                         estadd scalar mean =  round(`r(mean)',0.001)    

added scalar:
               e(mean) =  -.004

. 
. /*reg of comparison*/                   
. eststo: xi: reg z_final_score $inc_design $base_covs i.countyid, vce(cluster schid)
i.countyid        _Icountyid_101-207  (naturally coded; _Icountyid_101 omitted)

Linear regression                               Number of obs     =      7,454
                                                F(20, 213)        =     165.54
                                                Prob > F          =     0.0000
                                                R-squared         =     0.4612
                                                Root MSE          =     .76737

                                  (Std. err. adjusted for 214 clusters in schid)
--------------------------------------------------------------------------------
               |               Robust
 z_final_score | Coefficient  std. err.      t    P>|t|     [95% conf. interval]
---------------+----------------------------------------------------------------
        levels |   .0557747   .0484927     1.15   0.251    -.0398124    .1513619
         gains |   .0115867    .050668     0.23   0.819    -.0882882    .1114615
           p4p |   .1277584   .0642966     1.99   0.048     .0010193    .2544974
    zmathbase1 |   .3371588   .0165206    20.41   0.000     .3045941    .3697235
    zmathbase2 |   .3853521   .0149207    25.83   0.000      .355941    .4147631
_Icountyid_104 |   .1252224   .1034981     1.21   0.228    -.0787893     .329234
_Icountyid_105 |    -.12697   .0789154    -1.61   0.109    -.2825251    .0285851
_Icountyid_106 |  -.1403912    .097735    -1.44   0.152     -.333043    .0522605
_Icountyid_107 |   .2110286   .1421532     1.48   0.139    -.0691787    .4912359
_Icountyid_108 |   .0000694   .0729957     0.00   0.999    -.1438171    .1439558
_Icountyid_109 |  -.0925044     .08023    -1.15   0.250    -.2506508     .065642
_Icountyid_110 |   .1485588   .1145213     1.30   0.196    -.0771813     .374299
_Icountyid_111 |   .0465441   .2149314     0.22   0.829    -.3771208     .470209
_Icountyid_201 |  -.2363942   .0777321    -3.04   0.003     -.389617   -.0831714
_Icountyid_202 |  -.3472163   .0719762    -4.82   0.000    -.4890932   -.2053394
_Icountyid_203 |  -.4751859   .0764269    -6.22   0.000    -.6258359   -.3245359
_Icountyid_204 |  -.3904494   .0717693    -5.44   0.000    -.5319185   -.2489804
_Icountyid_205 |  -.1734544   .1814707    -0.96   0.340    -.5311629    .1842541
_Icountyid_206 |   -.505504   .0759058    -6.66   0.000    -.6551268   -.3558812
_Icountyid_207 |  -.2342083   .1019632    -2.30   0.023    -.4351946   -.0332221
         _cons |   .2052995   .0596471     3.44   0.001     .0877253    .3228737
--------------------------------------------------------------------------------
(est5 stored)

.                         lincom gains - levels

 ( 1)  - levels + gains = 0

------------------------------------------------------------------------------
z_final_sc~e | Coefficient  Std. err.      t    P>|t|     [95% conf. interval]
-------------+----------------------------------------------------------------
         (1) |  -.0441881    .051256    -0.86   0.390    -.1452219    .0568458
------------------------------------------------------------------------------

.                         estadd scalar gains_levels = round(`r(estimate)',0.001)

added scalar:
       e(gains_levels) =  -.044

.                         local t = `r(estimate)'/`r(se)'

.                         estadd scalar gains_levels_p = round(2*ttail(e(df_r),abs(`t')),0.001)

added scalar:
     e(gains_levels_p) =  .39

.                         
.                         lincom p4p - levels

 ( 1)  - levels + p4p = 0

------------------------------------------------------------------------------
z_final_sc~e | Coefficient  Std. err.      t    P>|t|     [95% conf. interval]
-------------+----------------------------------------------------------------
         (1) |   .0719836   .0606334     1.19   0.236    -.0475347    .1915019
------------------------------------------------------------------------------

.                         estadd scalar p4p_levels = round(`r(estimate)',0.001)

added scalar:
         e(p4p_levels) =  .072

.                         local t = `r(estimate)'/`r(se)'

.                         estadd scalar p4p_levels_p = round(2*ttail(e(df_r),abs(`t')),0.001)

added scalar:
       e(p4p_levels_p) =  .236

.                         
.                         lincom p4p - gains

 ( 1)  - gains + p4p = 0

------------------------------------------------------------------------------
z_final_sc~e | Coefficient  Std. err.      t    P>|t|     [95% conf. interval]
-------------+----------------------------------------------------------------
         (1) |   .1161717   .0655876     1.77   0.078    -.0131123    .2454557
------------------------------------------------------------------------------

.                         estadd scalar p4p_gains = round(`r(estimate)',0.001)

added scalar:
          e(p4p_gains) =  .116

.                         local t = `r(estimate)'/`r(se)'

.                         estadd scalar p4p_gains_p = round(2*ttail(e(df_r),abs(`t')),0.001)

added scalar:
        e(p4p_gains_p) =  .078

.                         
.                         su z_final_score if e(sample)==1 & control==1

    Variable |        Obs        Mean    Std. dev.       Min        Max
-------------+---------------------------------------------------------
z_final_sc~e |      1,879   -.0068877    1.002927  -2.518305   2.800046

.                         estadd scalar mean =  round(`r(mean)',0.001)

added scalar:
               e(mean) =  -.007

.                         /*F test*/
.                         testparm levels gains p4p, equal                        

 ( 1)  - levels + gains = 0
 ( 2)  - levels + p4p = 0

       F(  2,   213) =    1.57
            Prob > F =    0.2107

.                         estadd scalar testequal_p = round(`r(p)',0.001)

added scalar:
        e(testequal_p) =  .211

. 
. /*reg of comparison*/
. eststo: xi: reg z_final_score $inc_design $base_covs $other_covs i.countyid, vce(cluster schid)
i.countyid        _Icountyid_101-207  (naturally coded; _Icountyid_101 omitted)

Linear regression                               Number of obs     =      7,373
                                                F(28, 213)        =     158.92
                                                Prob > F          =     0.0000
                                                R-squared         =     0.4760
                                                Root MSE          =     .75654

                                      (Std. err. adjusted for 214 clusters in schid)
------------------------------------------------------------------------------------
                   |               Robust
     z_final_score | Coefficient  std. err.      t    P>|t|     [95% conf. interval]
-------------------+----------------------------------------------------------------
            levels |   .0840961   .0518863     1.62   0.107    -.0181803    .1863724
             gains |   .0010406   .0502451     0.02   0.983    -.0980007    .1000819
               p4p |   .1477993   .0642552     2.30   0.022     .0211417    .2744568
        zmathbase1 |   .3163414   .0168838    18.74   0.000     .2830607    .3496221
        zmathbase2 |     .36721   .0149646    24.54   0.000     .3377124    .3967077
            female |  -.1422154   .0189092    -7.52   0.000    -.1794885   -.1049422
            stuage |  -.0992939   .0102123    -9.72   0.000     -.119424   -.0791638
        dad_jhs_yn |   .0476156   .0181616     2.62   0.009     .0118161    .0834151
        mom_jhs_yn |   .0271513   .0205332     1.32   0.187     -.013323    .0676256
               ses |   .0028203   .0093342     0.30   0.763     -.015579    .0212195
        class_size |   .0034338   .0014704     2.34   0.020     .0005354    .0063322
teacher_experience |  -.0001741   .0021945    -0.08   0.937    -.0044997    .0041516
   teacher_basepay |  -.0000456   .0000283    -1.61   0.108    -.0001013    .0000101
    _Icountyid_104 |   .2353767   .0999455     2.36   0.019     .0383678    .4323856
    _Icountyid_105 |  -.0594192   .0880439    -0.67   0.500    -.2329682    .1141298
    _Icountyid_106 |  -.0486073   .0963155    -0.50   0.614     -.238461    .1412464
    _Icountyid_107 |   .2387514   .1195484     2.00   0.047     .0031019    .4744008
    _Icountyid_108 |   .1072876   .0843328     1.27   0.205    -.0589461    .2735213
    _Icountyid_109 |  -.0650573   .0834288    -0.78   0.436    -.2295091    .0993946
    _Icountyid_110 |   .2789916   .1171319     2.38   0.018     .0481056    .5098777
    _Icountyid_111 |   .1770881   .2235024     0.79   0.429    -.2634717    .6176479
    _Icountyid_201 |  -.1463522   .0913184    -1.60   0.110    -.3263558    .0336514
    _Icountyid_202 |  -.3204868   .0728917    -4.40   0.000    -.4641682   -.1768054
    _Icountyid_203 |  -.3805332   .0842892    -4.51   0.000    -.5466809   -.2143854
    _Icountyid_204 |  -.2880747   .0753024    -3.83   0.000     -.436508   -.1396413
    _Icountyid_205 |  -.1023501   .1760402    -0.58   0.562    -.4493542    .2446541
    _Icountyid_206 |  -.3858902   .0866282    -4.45   0.000    -.5566486   -.2151318
    _Icountyid_207 |  -.1905639   .1024513    -1.86   0.064    -.3925122    .0113845
             _cons |   1.346438   .1786852     7.54   0.000     .9942203    1.698656
------------------------------------------------------------------------------------
(est6 stored)

.                         lincom gains - levels

 ( 1)  - levels + gains = 0

------------------------------------------------------------------------------
z_final_sc~e | Coefficient  Std. err.      t    P>|t|     [95% conf. interval]
-------------+----------------------------------------------------------------
         (1) |  -.0830555   .0523924    -1.59   0.114    -.1863295    .0202186
------------------------------------------------------------------------------

.                         estadd scalar gains_levels = round(`r(estimate)',0.001)

added scalar:
       e(gains_levels) =  -.083

.                         local t = `r(estimate)'/`r(se)'

.                         estadd scalar gains_levels_p = round(2*ttail(e(df_r),abs(`t')),0.001)

added scalar:
     e(gains_levels_p) =  .114

.                         
.                         lincom p4p - levels

 ( 1)  - levels + p4p = 0

------------------------------------------------------------------------------
z_final_sc~e | Coefficient  Std. err.      t    P>|t|     [95% conf. interval]
-------------+----------------------------------------------------------------
         (1) |   .0637032   .0602943     1.06   0.292    -.0551467    .1825531
------------------------------------------------------------------------------

.                         estadd scalar p4p_levels = round(`r(estimate)',0.001)

added scalar:
         e(p4p_levels) =  .064

.                         local t = `r(estimate)'/`r(se)'

.                         estadd scalar p4p_levels_p = round(2*ttail(e(df_r),abs(`t')),0.001)

added scalar:
       e(p4p_levels_p) =  .292

.                         
.                         lincom p4p - gains

 ( 1)  - gains + p4p = 0

------------------------------------------------------------------------------
z_final_sc~e | Coefficient  Std. err.      t    P>|t|     [95% conf. interval]
-------------+----------------------------------------------------------------
         (1) |   .1467587   .0641995     2.29   0.023     .0202109    .2733065
------------------------------------------------------------------------------

.                         estadd scalar p4p_gains = round(`r(estimate)',0.001)

added scalar:
          e(p4p_gains) =  .147

.                         local t = `r(estimate)'/`r(se)'

.                         estadd scalar p4p_gains_p = round(2*ttail(e(df_r),abs(`t')),0.001)

added scalar:
        e(p4p_gains_p) =  .023

.                         
.                         su z_final_score if e(sample)==1 & control==1

    Variable |        Obs        Mean    Std. dev.       Min        Max
-------------+---------------------------------------------------------
z_final_sc~e |      1,864   -.0039026    1.002673  -2.518305   2.800046

.                         estadd scalar mean =  round(`r(mean)',0.001)    

added scalar:
               e(mean) =  -.004

.                         
.                         testparm levels gains p4p, equal                        

 ( 1)  - levels + gains = 0
 ( 2)  - levels + p4p = 0

       F(  2,   213) =    2.77
            Prob > F =    0.0651

.                         estadd scalar testequal_p = round(`r(p)',0.001)

added scalar:
        e(testequal_p) =  .065

.                         
. /*reg of comparison, small size*/
. eststo: xi: reg z_final_score $inc_design $base_covs i.countyid if small==1 | control==1, vce(cluster schid)
i.countyid        _Icountyid_101-207  (naturally coded; _Icountyid_101 omitted)

Linear regression                               Number of obs     =      4,655
                                                F(19, 136)        =          .
                                                Prob > F          =          .
                                                R-squared         =     0.4417
                                                Root MSE          =      .7758

                                  (Std. err. adjusted for 137 clusters in schid)
--------------------------------------------------------------------------------
               |               Robust
 z_final_score | Coefficient  std. err.      t    P>|t|     [95% conf. interval]
---------------+----------------------------------------------------------------
        levels |   .0461427    .059419     0.78   0.439     -.071362    .1636474
         gains |   .0486441   .0641089     0.76   0.449    -.0781352    .1754233
           p4p |   .0892445   .0942896     0.95   0.346    -.0972189    .2757079
    zmathbase1 |   .3418349   .0208538    16.39   0.000     .3005951    .3830746
    zmathbase2 |   .3776657   .0186666    20.23   0.000     .3407514    .4145801
_Icountyid_104 |   .0569875   .1419005     0.40   0.689    -.2236294    .3376045
_Icountyid_105 |  -.0046657   .1016249    -0.05   0.963    -.2056351    .1963038
_Icountyid_106 |  -.1226788   .1394255    -0.88   0.380    -.3984013    .1530436
_Icountyid_107 |   .1914382   .1998037     0.96   0.340    -.2036857    .5865621
_Icountyid_108 |   -.027278   .1003152    -0.27   0.786    -.2256574    .1711013
_Icountyid_109 |  -.1418513   .1072335    -1.32   0.188    -.3539121    .0702096
_Icountyid_110 |   .1749039   .1765468     0.99   0.324    -.1742281    .5240359
_Icountyid_111 |  -.0509579   .0942484    -0.54   0.590    -.2373399    .1354241
_Icountyid_201 |  -.2298164   .1114455    -2.06   0.041    -.4502067   -.0094261
_Icountyid_202 |  -.4402994   .1025037    -4.30   0.000    -.6430067   -.2375921
_Icountyid_203 |   -.510477   .1087594    -4.69   0.000    -.7255554   -.2953986
_Icountyid_204 |  -.4235658   .1037587    -4.08   0.000    -.6287549   -.2183767
_Icountyid_205 |  -.1075115   .2305706    -0.47   0.642    -.5634789    .3484559
_Icountyid_206 |  -.5076415   .1123238    -4.52   0.000    -.7297686   -.2855144
_Icountyid_207 |  -.0968788   .1466973    -0.66   0.510    -.3869817    .1932241
         _cons |   .2145449   .0861776     2.49   0.014     .0441235    .3849662
--------------------------------------------------------------------------------
(est7 stored)

.                         lincom gains - levels

 ( 1)  - levels + gains = 0

------------------------------------------------------------------------------
z_final_sc~e | Coefficient  Std. err.      t    P>|t|     [95% conf. interval]
-------------+----------------------------------------------------------------
         (1) |   .0025014   .0761178     0.03   0.974    -.1480262     .153029
------------------------------------------------------------------------------

.                         estadd scalar gains_levels = round(`r(estimate)',0.001)

added scalar:
       e(gains_levels) =  .003

.                         local t = `r(estimate)'/`r(se)'

.                         estadd scalar gains_levels_p = round(2*ttail(e(df_r),abs(`t')),0.001)

added scalar:
     e(gains_levels_p) =  .974

.                         
.                         lincom p4p - levels

 ( 1)  - levels + p4p = 0

------------------------------------------------------------------------------
z_final_sc~e | Coefficient  Std. err.      t    P>|t|     [95% conf. interval]
-------------+----------------------------------------------------------------
         (1) |   .0431018   .0942406     0.46   0.648    -.1432647    .2294683
------------------------------------------------------------------------------

.                         estadd scalar p4p_levels = round(`r(estimate)',0.001)

added scalar:
         e(p4p_levels) =  .043

.                         local t = `r(estimate)'/`r(se)'

.                         estadd scalar p4p_levels_p = round(2*ttail(e(df_r),abs(`t')),0.001)

added scalar:
       e(p4p_levels_p) =  .648

.                         
.                         lincom p4p - gains

 ( 1)  - gains + p4p = 0

------------------------------------------------------------------------------
z_final_sc~e | Coefficient  Std. err.      t    P>|t|     [95% conf. interval]
-------------+----------------------------------------------------------------
         (1) |   .0406004    .104285     0.39   0.698    -.1656294    .2468303
------------------------------------------------------------------------------

.                         estadd scalar p4p_gains = round(`r(estimate)',0.001)

added scalar:
          e(p4p_gains) =  .041

.                         local t = `r(estimate)'/`r(se)'

.                         estadd scalar p4p_gains_p = round(2*ttail(e(df_r),abs(`t')),0.001)

added scalar:
        e(p4p_gains_p) =  .698

.                         su z_final_score if e(sample)==1 & control==1

    Variable |        Obs        Mean    Std. dev.       Min        Max
-------------+---------------------------------------------------------
z_final_sc~e |      1,879   -.0068877    1.002927  -2.518305   2.800046

.                         estadd scalar mean =  round(`r(mean)',0.001)

added scalar:
               e(mean) =  -.007

.                         
.                         testparm levels gains p4p, equal                        

 ( 1)  - levels + gains = 0
 ( 2)  - levels + p4p = 0

       F(  2,   136) =    0.11
            Prob > F =    0.8970

.                         estadd scalar testequal_p = round(`r(p)',0.001)

added scalar:
        e(testequal_p) =  .897

.                         
. eststo: xi: reg z_final_score $inc_design $base_covs $other_covs i.countyid if small==1 | control==1, vce(cluster schid)
i.countyid        _Icountyid_101-207  (naturally coded; _Icountyid_101 omitted)

Linear regression                               Number of obs     =      4,609
                                                F(27, 136)        =          .
                                                Prob > F          =          .
                                                R-squared         =     0.4567
                                                Root MSE          =     .76543

                                      (Std. err. adjusted for 137 clusters in schid)
------------------------------------------------------------------------------------
                   |               Robust
     z_final_score | Coefficient  std. err.      t    P>|t|     [95% conf. interval]
-------------------+----------------------------------------------------------------
            levels |     .07961   .0666337     1.19   0.234    -.0521622    .2113822
             gains |   .0369068   .0625532     0.59   0.556     -.086796    .1606096
               p4p |   .1307147   .1001152     1.31   0.194    -.0672692    .3286986
        zmathbase1 |   .3241558   .0218912    14.81   0.000     .2808646    .3674469
        zmathbase2 |    .356392   .0188945    18.86   0.000      .319027    .3937569
            female |  -.1513201   .0231933    -6.52   0.000    -.1971863    -.105454
            stuage |  -.0883317   .0133944    -6.59   0.000    -.1148198   -.0618435
        dad_jhs_yn |    .037089   .0228371     1.62   0.107    -.0080728    .0822508
        mom_jhs_yn |   .0526751    .025119     2.10   0.038     .0030008    .1023494
               ses |   .0074022   .0117426     0.63   0.530    -.0158195    .0306238
        class_size |   .0036887    .002244     1.64   0.103     -.000749    .0081264
teacher_experience |  -.0004282   .0031655    -0.14   0.893    -.0066881    .0058317
   teacher_basepay |  -.0000424   .0000374    -1.14   0.258    -.0001163    .0000315
    _Icountyid_104 |    .173685   .1320169     1.32   0.191    -.0873865    .4347565
    _Icountyid_105 |   .1073107   .1016272     1.06   0.293    -.0936633    .3082848
    _Icountyid_106 |  -.0428871   .1320759    -0.32   0.746    -.3040752     .218301
    _Icountyid_107 |   .2329068    .175975     1.32   0.188    -.1150944     .580908
    _Icountyid_108 |   .1027938   .1165133     0.88   0.379    -.1276184     .333206
    _Icountyid_109 |  -.1203798   .1096568    -1.10   0.274    -.3372327    .0964732
    _Icountyid_110 |   .3248033   .1741203     1.87   0.064    -.0195301    .6691367
    _Icountyid_111 |   .0808768   .1107155     0.73   0.466    -.1380698    .2998234
    _Icountyid_201 |  -.1450435   .1218421    -1.19   0.236    -.3859937    .0959067
    _Icountyid_202 |  -.3961973   .1017394    -3.89   0.000    -.5973931   -.1950016
    _Icountyid_203 |  -.4277603   .1131713    -3.78   0.000    -.6515635   -.2039572
    _Icountyid_204 |  -.3138395   .0999672    -3.14   0.002    -.5115306   -.1161484
    _Icountyid_205 |  -.0500044    .216339    -0.23   0.818    -.4778279    .3778192
    _Icountyid_206 |  -.3968855   .1180536    -3.36   0.001    -.6303436   -.1634275
    _Icountyid_207 |  -.0621087   .1419782    -0.44   0.662    -.3428791    .2186617
             _cons |   1.208854   .2406023     5.02   0.000     .7330481    1.684659
------------------------------------------------------------------------------------
(est8 stored)

.                         lincom gains - levels

 ( 1)  - levels + gains = 0

------------------------------------------------------------------------------
z_final_sc~e | Coefficient  Std. err.      t    P>|t|     [95% conf. interval]
-------------+----------------------------------------------------------------
         (1) |  -.0427032   .0822925    -0.52   0.605    -.2054416    .1200352
------------------------------------------------------------------------------

.                         estadd scalar gains_levels = round(`r(estimate)',0.001)

added scalar:
       e(gains_levels) =  -.043

.                         local t = `r(estimate)'/`r(se)'

.                         estadd scalar gains_levels_p = round(2*ttail(e(df_r),abs(`t')),0.001)

added scalar:
     e(gains_levels_p) =  .605

.                         
.                         lincom p4p - levels

 ( 1)  - levels + p4p = 0

------------------------------------------------------------------------------
z_final_sc~e | Coefficient  Std. err.      t    P>|t|     [95% conf. interval]
-------------+----------------------------------------------------------------
         (1) |   .0511047   .0976404     0.52   0.602    -.1419851    .2441945
------------------------------------------------------------------------------

.                         estadd scalar p4p_levels = round(`r(estimate)',0.001)

added scalar:
         e(p4p_levels) =  .051

.                         local t = `r(estimate)'/`r(se)'

.                         estadd scalar p4p_levels_p = round(2*ttail(e(df_r),abs(`t')),0.001)

added scalar:
       e(p4p_levels_p) =  .602

.                         
.                         lincom p4p - gains

 ( 1)  - gains + p4p = 0

------------------------------------------------------------------------------
z_final_sc~e | Coefficient  Std. err.      t    P>|t|     [95% conf. interval]
-------------+----------------------------------------------------------------
         (1) |   .0938079   .1124593     0.83   0.406    -.1285872     .316203
------------------------------------------------------------------------------

.                         estadd scalar p4p_gains = round(`r(estimate)',0.001)

added scalar:
          e(p4p_gains) =  .094

.                         local t = `r(estimate)'/`r(se)'

.                         estadd scalar p4p_gains_p = round(2*ttail(e(df_r),abs(`t')),0.001)

added scalar:
        e(p4p_gains_p) =  .406

.                         su z_final_score if e(sample)==1 & control==1

    Variable |        Obs        Mean    Std. dev.       Min        Max
-------------+---------------------------------------------------------
z_final_sc~e |      1,864   -.0039026    1.002673  -2.518305   2.800046

.                         estadd scalar mean =  round(`r(mean)',0.001)

added scalar:
               e(mean) =  -.004

.                         
.                         testparm levels gains p4p, equal                        

 ( 1)  - levels + gains = 0
 ( 2)  - levels + p4p = 0

       F(  2,   136) =    0.35
            Prob > F =    0.7041

.                         estadd scalar testequal_p = round(`r(p)',0.001)         

added scalar:
        e(testequal_p) =  .704

. 
. /*reg of comparison, big size*/
. eststo: xi: reg z_final_score $inc_design $base_covs i.countyid if big==1 | control==1, vce(cluster schid)
i.countyid        _Icountyid_101-207  (naturally coded; _Icountyid_101 omitted)

Linear regression                               Number of obs     =      4,678
                                                F(20, 128)        =     130.12
                                                Prob > F          =     0.0000
                                                R-squared         =     0.4855
                                                Root MSE          =     .74512

                                  (Std. err. adjusted for 129 clusters in schid)
--------------------------------------------------------------------------------
               |               Robust
 z_final_score | Coefficient  std. err.      t    P>|t|     [95% conf. interval]
---------------+----------------------------------------------------------------
        levels |   .0635668   .0591165     1.08   0.284    -.0534054    .1805389
         gains |   -.032732   .0595053    -0.55   0.583    -.1504733    .0850093
           p4p |   .1626051   .0594811     2.73   0.007     .0449117    .2802986
    zmathbase1 |   .3429759   .0187722    18.27   0.000     .3058319    .3801199
    zmathbase2 |   .3854384   .0184841    20.85   0.000     .3488644    .4220123
_Icountyid_104 |   .1958918   .0897079     2.18   0.031     .0183894    .3733941
_Icountyid_105 |  -.1041218   .0851843    -1.22   0.224    -.2726735      .06443
_Icountyid_106 |  -.1619582   .1006817    -1.61   0.110    -.3611741    .0372577
_Icountyid_107 |   .1771558   .1756357     1.01   0.315    -.1703694    .5246809
_Icountyid_108 |   .0947968   .0853611     1.11   0.269    -.0741048    .2636984
_Icountyid_109 |  -.0557036   .1192184    -0.47   0.641    -.2915976    .1801903
_Icountyid_110 |   .1264211   .0908235     1.39   0.166    -.0532888     .306131
_Icountyid_111 |   .0926672   .3007509     0.31   0.758    -.5024197    .6877542
_Icountyid_201 |  -.2320782   .0661155    -3.51   0.001     -.362899   -.1012575
_Icountyid_202 |   -.318246   .0751223    -4.24   0.000    -.4668882   -.1696038
_Icountyid_203 |  -.4123486   .0760439    -5.42   0.000    -.5628144   -.2618828
_Icountyid_204 |  -.3200588   .0747963    -4.28   0.000    -.4680561   -.1720616
_Icountyid_205 |  -.2936721   .0719305    -4.08   0.000    -.4359989   -.1513453
_Icountyid_206 |  -.4171074   .0742415    -5.62   0.000     -.564007   -.2702079
_Icountyid_207 |  -.2697196   .1252662    -2.15   0.033    -.5175802   -.0218591
         _cons |   .1840391    .049096     3.75   0.000     .0868941     .281184
--------------------------------------------------------------------------------
(est9 stored)

.                         lincom gains - levels

 ( 1)  - levels + gains = 0

------------------------------------------------------------------------------
z_final_sc~e | Coefficient  Std. err.      t    P>|t|     [95% conf. interval]
-------------+----------------------------------------------------------------
         (1) |  -.0962987   .0670266    -1.44   0.153    -.2289222    .0363248
------------------------------------------------------------------------------

.                         estadd scalar gains_levels = round(`r(estimate)',0.001)

added scalar:
       e(gains_levels) =  -.096

.                         local t = `r(estimate)'/`r(se)'

.                         estadd scalar gains_levels_p = round(2*ttail(e(df_r),abs(`t')),0.001)

added scalar:
     e(gains_levels_p) =  .153

.                         
.                         lincom p4p - levels

 ( 1)  - levels + p4p = 0

------------------------------------------------------------------------------
z_final_sc~e | Coefficient  Std. err.      t    P>|t|     [95% conf. interval]
-------------+----------------------------------------------------------------
         (1) |   .0990383   .0696542     1.42   0.157    -.0387844    .2368611
------------------------------------------------------------------------------

.                         estadd scalar p4p_levels = round(`r(estimate)',0.001)

added scalar:
         e(p4p_levels) =  .099

.                         local t = `r(estimate)'/`r(se)'

.                         estadd scalar p4p_levels_p = round(2*ttail(e(df_r),abs(`t')),0.001)

added scalar:
       e(p4p_levels_p) =  .157

.                         
.                         lincom p4p - gains

 ( 1)  - gains + p4p = 0

------------------------------------------------------------------------------
z_final_sc~e | Coefficient  Std. err.      t    P>|t|     [95% conf. interval]
-------------+----------------------------------------------------------------
         (1) |   .1953371   .0675944     2.89   0.005       .06159    .3290842
------------------------------------------------------------------------------

.                         estadd scalar p4p_gains = round(`r(estimate)',0.001)

added scalar:
          e(p4p_gains) =  .195

.                         local t = `r(estimate)'/`r(se)'

.                         estadd scalar p4p_gains_p = round(2*ttail(e(df_r),abs(`t')),0.001)

added scalar:
        e(p4p_gains_p) =  .005

.                         su z_final_score if e(sample)==1 & control==1

    Variable |        Obs        Mean    Std. dev.       Min        Max
-------------+---------------------------------------------------------
z_final_sc~e |      1,879   -.0068877    1.002927  -2.518305   2.800046

.                         estadd scalar mean =  round(`r(mean)',0.001)

added scalar:
               e(mean) =  -.007

.                         
.                         testparm levels gains p4p, equal                        

 ( 1)  - levels + gains = 0
 ( 2)  - levels + p4p = 0

       F(  2,   128) =    4.18
            Prob > F =    0.0174

.                         estadd scalar testequal_p = round(`r(p)',0.001)

added scalar:
        e(testequal_p) =  .017

.                         
. eststo: xi: reg z_final_score $inc_design $base_covs $other_covs i.countyid if big==1 | control==1, vce(cluster schid)
i.countyid        _Icountyid_101-207  (naturally coded; _Icountyid_101 omitted)

Linear regression                               Number of obs     =      4,628
                                                F(28, 128)        =     122.32
                                                Prob > F          =     0.0000
                                                R-squared         =     0.4965
                                                Root MSE          =      .7371

                                      (Std. err. adjusted for 129 clusters in schid)
------------------------------------------------------------------------------------
                   |               Robust
     z_final_score | Coefficient  std. err.      t    P>|t|     [95% conf. interval]
-------------------+----------------------------------------------------------------
            levels |   .0805984   .0607508     1.33   0.187    -.0396075    .2008043
             gains |  -.0330867   .0614412    -0.54   0.591    -.1546586    .0884852
               p4p |   .1654495   .0598954     2.76   0.007     .0469363    .2839627
        zmathbase1 |   .3220216   .0187922    17.14   0.000      .284838    .3592051
        zmathbase2 |   .3734327   .0184128    20.28   0.000     .3369999    .4098655
            female |  -.1185539   .0240114    -4.94   0.000    -.1660646   -.0710432
            stuage |  -.0997031    .012104    -8.24   0.000     -.123653   -.0757531
        dad_jhs_yn |   .0515102   .0232255     2.22   0.028     .0055545    .0974658
        mom_jhs_yn |     .00443   .0260687     0.17   0.865    -.0471514    .0560113
               ses |  -.0010318   .0115032    -0.09   0.929    -.0237929    .0217293
        class_size |   .0017636   .0014306     1.23   0.220    -.0010671    .0045942
teacher_experience |  -.0017242   .0022963    -0.75   0.454    -.0062678    .0028193
   teacher_basepay |  -.0000226   .0000297    -0.76   0.448    -.0000814    .0000362
    _Icountyid_104 |    .243945   .0967304     2.52   0.013     .0525475    .4353425
    _Icountyid_105 |  -.0816181   .0963144    -0.85   0.398    -.2721925    .1089564
    _Icountyid_106 |  -.0992182   .1045903    -0.95   0.345    -.3061679    .1077315
    _Icountyid_107 |   .1835986   .1629096     1.13   0.262    -.1387458    .5059431
    _Icountyid_108 |   .1556978   .1136368     1.37   0.173     -.069152    .3805476
    _Icountyid_109 |  -.0252712   .1254819    -0.20   0.841    -.2735586    .2230162
    _Icountyid_110 |    .187332   .0870509     2.15   0.033      .015087    .3595771
    _Icountyid_111 |   .1902591   .3221802     0.59   0.556    -.4472296    .8277477
    _Icountyid_201 |  -.1568709   .0819123    -1.92   0.058    -.3189484    .0052065
    _Icountyid_202 |  -.3043339   .0803084    -3.79   0.000    -.4632379     -.14543
    _Icountyid_203 |  -.3301255   .0835732    -3.95   0.000    -.4954894   -.1647617
    _Icountyid_204 |  -.2229991   .0884692    -2.52   0.013    -.3980505   -.0479477
    _Icountyid_205 |  -.2500207   .0785361    -3.18   0.002    -.4054178   -.0946237
    _Icountyid_206 |  -.3206011   .0893744    -3.59   0.000    -.4974435   -.1437586
    _Icountyid_207 |  -.2337305   .1286712    -1.82   0.072    -.4883284    .0208675
             _cons |   1.364551   .1946966     7.01   0.000     .9793103    1.749791
------------------------------------------------------------------------------------
(est10 stored)

.                         lincom gains - levels

 ( 1)  - levels + gains = 0

------------------------------------------------------------------------------
z_final_sc~e | Coefficient  Std. err.      t    P>|t|     [95% conf. interval]
-------------+----------------------------------------------------------------
         (1) |  -.1136851   .0686347    -1.66   0.100    -.2494906    .0221204
------------------------------------------------------------------------------

.                         estadd scalar gains_levels = round(`r(estimate)',0.001)

added scalar:
       e(gains_levels) =  -.114

.                         local t = `r(estimate)'/`r(se)'

.                         estadd scalar gains_levels_p = round(2*ttail(e(df_r),abs(`t')),0.001)

added scalar:
     e(gains_levels_p) =  .1

.                         
.                         lincom p4p - levels

 ( 1)  - levels + p4p = 0

------------------------------------------------------------------------------
z_final_sc~e | Coefficient  Std. err.      t    P>|t|     [95% conf. interval]
-------------+----------------------------------------------------------------
         (1) |   .0848511   .0713447     1.19   0.237    -.0563166    .2260187
------------------------------------------------------------------------------

.                         estadd scalar p4p_levels = round(`r(estimate)',0.001)

added scalar:
         e(p4p_levels) =  .085

.                         local t = `r(estimate)'/`r(se)'

.                         estadd scalar p4p_levels_p = round(2*ttail(e(df_r),abs(`t')),0.001)

added scalar:
       e(p4p_levels_p) =  .237

.                         
.                         lincom p4p - gains

 ( 1)  - gains + p4p = 0

------------------------------------------------------------------------------
z_final_sc~e | Coefficient  Std. err.      t    P>|t|     [95% conf. interval]
-------------+----------------------------------------------------------------
         (1) |   .1985362   .0677797     2.93   0.004     .0644225    .3326499
------------------------------------------------------------------------------

.                         estadd scalar p4p_gains = round(`r(estimate)',0.001)

added scalar:
          e(p4p_gains) =  .199

.                         local t = `r(estimate)'/`r(se)'

.                         estadd scalar p4p_gains_p = round(2*ttail(e(df_r),abs(`t')),0.001)

added scalar:
        e(p4p_gains_p) =  .004

.                         su z_final_score if e(sample)==1 & control==1

    Variable |        Obs        Mean    Std. dev.       Min        Max
-------------+---------------------------------------------------------
z_final_sc~e |      1,864   -.0039026    1.002673  -2.518305   2.800046

.                         estadd scalar mean =  round(`r(mean)',0.001)

added scalar:
               e(mean) =  -.004

.                         
.                         testparm levels gains p4p, equal 

 ( 1)  - levels + gains = 0
 ( 2)  - levels + p4p = 0

       F(  2,   128) =    4.36
            Prob > F =    0.0148

.                         /*ADDED F-TEST OF EQUALITY OF ALL COEFFICIENTS*/
.                         estadd scalar testequal_p = round(`r(p)',0.001)

added scalar:
        e(testequal_p) =  .015

.                         
. esttab using "`outdir'/Table2.csv", nolabel b(3) se(3) obslast star(* 0.10 ** 0.05 *** 0.01) ///
>         drop(_I* $base_covs $other_covs _cons) replace ///
>         scalar("big_small Large - Small" "big_small_p P-value: Large - Small" ///
>         "gains_levels Gains - Levels" "gains_levels_p P-value: Gains - Levels" ///
>         "p4p_levels P4P - Levels" "p4p_levels_p P-value: P4P - Levels" ///
>         "p4p_gains P4P - Gains" "p4p_gains_p P-value: P4P - Gains" "mean Mean in Control Group" ///
>         "testequal_p P-value: Coeffs Equal") 
(file E:\One Drive\OneDrive - connect.hku.hk\Desktop\test/output/replication/Table2.csv not found)
(output written to E:\One Drive\OneDrive - connect.hku.hk\Desktop\test/output/replication/Table2.csv)

.         
.         /* Romano-Wolf Multiple Hyp Tests */
.         
. /* correct on treatments */
.         kfwebs (z_final_score levels gains p4p $base_covs i.countyid), ///
>                         testvar(levels gains p4p) kvalue(1) alphas(.05 .1) reps(5) ///
>                         seed(1001) strata(countyid) cluster(schid) ///
>                         hypadd(gains-levels;p4p-levels;p4p-gains) 


Resampling: (% of 5 reps)
[0%--------------------------50%---------------------------100%]
[     .     .     .     .     .  ] 
 
 
Number of hypotheses = 6                              alpha = .05
Number of Reps       = 5                              k     = 1
-----------------------------------------------------------------
 Hypothesis               betas    p-values   ranking   rejected
-----------------------------------------------------------------
 z_final_score
   levels               .0557747    0.2514        4         0
   gains                .0115867    0.8193        6         0
   p4p                  .1277584    0.0482        1         0
   gains-levels        -.0441881    0.3896        5         0
   p4p-levels           .0719836    0.2365        3         0
   p4p-gains            .1161717    0.0780        2         0
-----------------------------------------------------------------
H0: beta = 0
 
 
 
Number of hypotheses = 6                              alpha = .1
Number of Reps       = 5                              k     = 1
-----------------------------------------------------------------
 Hypothesis               betas    p-values   ranking   rejected
-----------------------------------------------------------------
 z_final_score
   levels               .0557747    0.2514        4         0
   gains                .0115867    0.8193        6         0
   p4p                  .1277584    0.0482        1         0
   gains-levels        -.0441881    0.3896        5         0
   p4p-levels           .0719836    0.2365        3         0
   p4p-gains            .1161717    0.0780        2         0
-----------------------------------------------------------------
H0: beta = 0

.                         
.         kfwebs (z_final_score levels gains p4p $base_covs $other_covs i.countyid), ///
>                         testvar(levels gains p4p) kvalue(1) alphas(.05 .1) reps(5) ///
>                         seed(1001) strata(countyid) cluster(schid) ///
>                         hypadd(gains-levels;p4p-levels;p4p-gains) 


Resampling: (% of 5 reps)
[0%--------------------------50%---------------------------100%]
[     .     .     .     .     .  ] 
 
 
Number of hypotheses = 6                              alpha = .05
Number of Reps       = 5                              k     = 1
-----------------------------------------------------------------
 Hypothesis               betas    p-values   ranking   rejected
-----------------------------------------------------------------
 z_final_score
   levels               .0840961    0.1065        3         1
   gains                .0010406    0.9835        6         0
   p4p                  .1477993    0.0224        1         1
   gains-levels        -.0830555    0.1144        4         1
   p4p-levels           .0637032    0.2919        5         0
   p4p-gains            .1467587    0.0232        2         1
-----------------------------------------------------------------
H0: beta = 0
 
 
 
Number of hypotheses = 6                              alpha = .1
Number of Reps       = 5                              k     = 1
-----------------------------------------------------------------
 Hypothesis               betas    p-values   ranking   rejected
-----------------------------------------------------------------
 z_final_score
   levels               .0840961    0.1065        3         1
   gains                .0010406    0.9835        6         0
   p4p                  .1477993    0.0224        1         1
   gains-levels        -.0830555    0.1144        4         1
   p4p-levels           .0637032    0.2919        5         0
   p4p-gains            .1467587    0.0232        2         1
-----------------------------------------------------------------
H0: beta = 0

.                         
. /* correct on size */
.         kfwebs (z_final_score small big $base_covs i.countyid), ///
>                         testvar(small big) kvalue(1) alphas(.05 .1) reps(5) ///
>                         seed(1001) strata(countyid) cluster(schid) ///
>                         hypadd(small-big)               


Resampling: (% of 5 reps)
[0%--------------------------50%---------------------------100%]
[     .     .     .     .     .  ] 
 
 
Number of hypotheses = 3                              alpha = .05
Number of Reps       = 5                              k     = 1
-----------------------------------------------------------------
 Hypothesis               betas    p-values   ranking   rejected
-----------------------------------------------------------------
 z_final_score
   small                .0630643    0.2376        2         0
   big                  .0637407    0.1617        1         0
   small-big           -.0006764    0.9888        3         0
-----------------------------------------------------------------
H0: beta = 0
 
 
 
Number of hypotheses = 3                              alpha = .1
Number of Reps       = 5                              k     = 1
-----------------------------------------------------------------
 Hypothesis               betas    p-values   ranking   rejected
-----------------------------------------------------------------
 z_final_score
   small                .0630643    0.2376        2         0
   big                  .0637407    0.1617        1         0
   small-big           -.0006764    0.9888        3         0
-----------------------------------------------------------------
H0: beta = 0

.                         
.         kfwebs (z_final_score small big $base_covs $other_covs i.countyid), ///
>                         testvar(small big) kvalue(1) alphas(.05 .1) reps(5) ///
>                         seed(1001) strata(countyid) cluster(schid) ///
>                         hypadd(small-big)       


Resampling: (% of 5 reps)
[0%--------------------------50%---------------------------100%]
[     .     .     .     .     .  ] 
 
 
Number of hypotheses = 3                              alpha = .05
Number of Reps       = 5                              k     = 1
-----------------------------------------------------------------
 Hypothesis               betas    p-values   ranking   rejected
-----------------------------------------------------------------
 z_final_score
   small                .0810778    0.1384        1         0
   big                  .0673607    0.1468        2         0
   small-big            .0137171    0.7783        3         0
-----------------------------------------------------------------
H0: beta = 0
 
 
 
Number of hypotheses = 3                              alpha = .1
Number of Reps       = 5                              k     = 1
-----------------------------------------------------------------
 Hypothesis               betas    p-values   ranking   rejected
-----------------------------------------------------------------
 z_final_score
   small                .0810778    0.1384        1         0
   big                  .0673607    0.1468        2         0
   small-big            .0137171    0.7783        3         0
-----------------------------------------------------------------
H0: beta = 0

. 
. /* correct on treatments, small */                      
.         kfwebs (z_final_score levels gains p4p $base_covs i.countyid) if small==1|control==1, ///
>                         testvar(levels gains p4p) kvalue(1) alphas(.05 .1) reps(5) ///
>                         seed(1001) strata(countyid) cluster(schid) ///
>                         hypadd(gains-levels;p4p-levels;p4p-gains)


Resampling: (% of 5 reps)
[0%--------------------------50%---------------------------100%]
[     .     .     .     .     .  ] 
 
 
Number of hypotheses = 6                              alpha = .05
Number of Reps       = 5                              k     = 1
-----------------------------------------------------------------
 Hypothesis               betas    p-values   ranking   rejected
-----------------------------------------------------------------
 z_final_score
   levels               .0461427    0.4388        2         0
   gains                .0486441    0.4493        3         0
   p4p                  .0892445    0.3456        1         0
   gains-levels         .0025014    0.9738        6         0
   p4p-levels           .0431018    0.6481        4         0
   p4p-gains            .0406004    0.6976        5         0
-----------------------------------------------------------------
H0: beta = 0
 
 
 
Number of hypotheses = 6                              alpha = .1
Number of Reps       = 5                              k     = 1
-----------------------------------------------------------------
 Hypothesis               betas    p-values   ranking   rejected
-----------------------------------------------------------------
 z_final_score
   levels               .0461427    0.4388        2         0
   gains                .0486441    0.4493        3         0
   p4p                  .0892445    0.3456        1         0
   gains-levels         .0025014    0.9738        6         0
   p4p-levels           .0431018    0.6481        4         0
   p4p-gains            .0406004    0.6976        5         0
-----------------------------------------------------------------
H0: beta = 0

.                         
.         kfwebs (z_final_score levels gains p4p $base_covs $other_covs i.countyid) if small==1|control==1, ///
>                         testvar(levels gains p4p) kvalue(1) alphas(.05 .1) reps(5) ///
>                         seed(1001) strata(countyid) cluster(schid) ///
>                         hypadd(gains-levels;p4p-levels;p4p-gains)                               


Resampling: (% of 5 reps)
[0%--------------------------50%---------------------------100%]
[     .     .     .     .     .  ] 
 
 
Number of hypotheses = 6                              alpha = .05
Number of Reps       = 5                              k     = 1
-----------------------------------------------------------------
 Hypothesis               betas    p-values   ranking   rejected
-----------------------------------------------------------------
 z_final_score
   levels                 .07961    0.2343        2         0
   gains                .0369068    0.5562        4         0
   p4p                  .1307147    0.1939        1         0
   gains-levels        -.0427032    0.6047        6         0
   p4p-levels           .0511047    0.6015        5         0
   p4p-gains            .0938079    0.4057        3         0
-----------------------------------------------------------------
H0: beta = 0
 
 
 
Number of hypotheses = 6                              alpha = .1
Number of Reps       = 5                              k     = 1
-----------------------------------------------------------------
 Hypothesis               betas    p-values   ranking   rejected
-----------------------------------------------------------------
 z_final_score
   levels                 .07961    0.2343        2         0
   gains                .0369068    0.5562        4         0
   p4p                  .1307147    0.1939        1         0
   gains-levels        -.0427032    0.6047        6         0
   p4p-levels           .0511047    0.6015        5         0
   p4p-gains            .0938079    0.4057        3         0
-----------------------------------------------------------------
H0: beta = 0

. 
. /* correct on treatments, big */
.         kfwebs (z_final_score levels gains p4p $base_covs i.countyid) if big==1|control==1, ///
>                         testvar(levels gains p4p) kvalue(1) alphas(.05 .1) reps(5) ///
>                         seed(1001) strata(countyid) cluster(schid) ///
>                         hypadd(gains-levels;p4p-levels;p4p-gains)


Resampling: (% of 5 reps)
[0%--------------------------50%---------------------------100%]
[     .     .     .     .     .  ] 
 
 
Number of hypotheses = 6                              alpha = .05
Number of Reps       = 5                              k     = 1
-----------------------------------------------------------------
 Hypothesis               betas    p-values   ranking   rejected
-----------------------------------------------------------------
 z_final_score
   levels               .0635668    0.2843        5         0
   gains                -.032732    0.5832        6         0
   p4p                  .1626051    0.0071        2         0
   gains-levels        -.0962987    0.1532        3         0
   p4p-levels           .0990383    0.1575        4         0
   p4p-gains            .1953371    0.0045        1         1
-----------------------------------------------------------------
H0: beta = 0
 
 
 
Number of hypotheses = 6                              alpha = .1
Number of Reps       = 5                              k     = 1
-----------------------------------------------------------------
 Hypothesis               betas    p-values   ranking   rejected
-----------------------------------------------------------------
 z_final_score
   levels               .0635668    0.2843        5         0
   gains                -.032732    0.5832        6         0
   p4p                  .1626051    0.0071        2         0
   gains-levels        -.0962987    0.1532        3         0
   p4p-levels           .0990383    0.1575        4         0
   p4p-gains            .1953371    0.0045        1         1
-----------------------------------------------------------------
H0: beta = 0

.                         
.         kfwebs (z_final_score levels gains p4p $base_covs $other_covs i.countyid) if big==1|control==1, ///
>                         testvar(levels gains p4p) kvalue(1) alphas(.05 .1) reps(5) ///
>                         seed(1001) strata(countyid) cluster(schid) ///
>                         hypadd(gains-levels;p4p-levels;p4p-gains)       


Resampling: (% of 5 reps)
[0%--------------------------50%---------------------------100%]
[     .     .     .     .     .  ] 
 
 
Number of hypotheses = 6                              alpha = .05
Number of Reps       = 5                              k     = 1
-----------------------------------------------------------------
 Hypothesis               betas    p-values   ranking   rejected
-----------------------------------------------------------------
 z_final_score
   levels               .0805984    0.1870        4         0
   gains               -.0330867    0.5912        6         0
   p4p                  .1654495    0.0066        2         1
   gains-levels        -.1136851    0.1001        3         0
   p4p-levels           .0848511    0.2365        5         0
   p4p-gains            .1985362    0.0040        1         1
-----------------------------------------------------------------
H0: beta = 0
 
 
 
Number of hypotheses = 6                              alpha = .1
Number of Reps       = 5                              k     = 1
-----------------------------------------------------------------
 Hypothesis               betas    p-values   ranking   rejected
-----------------------------------------------------------------
 z_final_score
   levels               .0805984    0.1870        4         0
   gains               -.0330867    0.5912        6         0
   p4p                  .1654495    0.0066        2         1
   gains-levels        -.1136851    0.1001        3         0
   p4p-levels           .0848511    0.2365        5         0
   p4p-gains            .1985362    0.0040        1         1
-----------------------------------------------------------------
H0: beta = 0

.         
.         
.         
. /*---------------------------------------------------------------------------------*/
. 
. 
. * Reload the source data before distributional tests and subsequent exhibits.
. use "`raw_dir'/Pay_by_Design_JOLE.dta", clear

. 
. set seed 42

. /*---------------------------------------------------------------------------------*/
. /*TABLE 3: Tests for Distributional Treatment Effects, aka cdf maximum*/
. qui reg z_final_score zmathbase2 zmathbase1 i.countyid

. predict e, residual  /*the ex-ante effect is removed*/
(1,618 missing values generated)

. 
. /*exact for small sample size*/
. 
. eststo clear  // Clear any previous stored models

. 
. /* ===================== PFP vs. Levels ===================== */
. 
. /* 1. Two-Sided KS Test */
. bootstrap r(D), cluster(schid) reps(5): ksmirnov e if treatment4groups == 2 | treatment4groups == 4, by(treatment4groups) exact
(running ksmirnov on estimation sample)

warning: ksmirnov does not set e(sample), so no observations will be excluded from the resampling because of missing values or other reasons. To exclude observations, press Break, save the data, drop any observations that are to be excluded, and rerun
         bootstrap.

Bootstrap replications (5)
----+--- 1 ---+--- 2 ---+--- 3 ---+--- 4 ---+--- 5 
.....

Bootstrap results                                        Number of obs = 4,363
                                                         Replications  =     5

      Command: ksmirnov e, by(treatment4groups) exact
        _bs_1: r(D)

                                 (Replications based on 108 clusters in schid)
------------------------------------------------------------------------------
             |   Observed   Bootstrap                         Normal-based
             | coefficient  std. err.      z    P>|z|     [95% conf. interval]
-------------+----------------------------------------------------------------
       _bs_1 |   .0487569   .0149849     3.25   0.001     .0193871    .0781268
------------------------------------------------------------------------------

. matrix results = r(table)

. local D_stat = results[1,1]

. local p_value = results[4,1]

. 
. eststo model1

. estadd local test "Equality of distributions"

added macro:
               e(test) : "Equality of distributions"

. estadd scalar test_stat = `D_stat'

added scalar:
          e(test_stat) =  .04875695

. estadd scalar p_value = `p_value'

added scalar:
            e(p_value) =  .00113896

. 
. /* 2. Unidirectional KS Test */
. bootstrap r(D_1), cluster(schid) reps(5): ksmirnov e if treatment4groups == 2 | treatment4groups == 4, by(treatment4groups) exact
(running ksmirnov on estimation sample)

warning: ksmirnov does not set e(sample), so no observations will be excluded from the resampling because of missing values or other reasons. To exclude observations, press Break, save the data, drop any observations that are to be excluded, and rerun
         bootstrap.

Bootstrap replications (5)
----+--- 1 ---+--- 2 ---+--- 3 ---+--- 4 ---+--- 5 
.....

Bootstrap results                                        Number of obs = 4,363
                                                         Replications  =     5

      Command: ksmirnov e, by(treatment4groups) exact
        _bs_1: r(D_1)

                                 (Replications based on 108 clusters in schid)
------------------------------------------------------------------------------
             |   Observed   Bootstrap                         Normal-based
             | coefficient  std. err.      z    P>|z|     [95% conf. interval]
-------------+----------------------------------------------------------------
       _bs_1 |   .0487569   .0428122     1.14   0.255    -.0351535    .1326674
------------------------------------------------------------------------------

. matrix results = r(table)

. local D1_stat = results[1,1]

. local p1_value = results[4,1]

. 
. eststo model2

. estadd local test "F_PFP - F_Levels"

added macro:
               e(test) : "F_PFP - F_Levels"

. estadd scalar test_stat = `D1_stat'

added scalar:
          e(test_stat) =  .04875695

. estadd scalar p_value = `p1_value'

added scalar:
            e(p_value) =  .25476359

. 
. /* 3. Unidirectional KS Test */
. bootstrap (-r(D_2)), cluster(schid) reps(5): ksmirnov e if treatment4groups == 2 | treatment4groups == 4, by(treatment4groups) exact
(running ksmirnov on estimation sample)

warning: ksmirnov does not set e(sample), so no observations will be excluded from the resampling because of missing values or other reasons. To exclude observations, press Break, save the data, drop any observations that are to be excluded, and rerun
         bootstrap.

Bootstrap replications (5)
----+--- 1 ---+--- 2 ---+--- 3 ---+--- 4 ---+--- 5 
.....

Bootstrap results                                        Number of obs = 4,363
                                                         Replications  =     5

      Command: ksmirnov e, by(treatment4groups) exact
        _bs_1: -r(D_2)

                                 (Replications based on 108 clusters in schid)
------------------------------------------------------------------------------
             |   Observed   Bootstrap                         Normal-based
             | coefficient  std. err.      z    P>|z|     [95% conf. interval]
-------------+----------------------------------------------------------------
       _bs_1 |   .0084558   .0102736     0.82   0.410    -.0116801    .0285916
------------------------------------------------------------------------------

. matrix results = r(table)

. local D2_stat = results[1,1]

. local p2_value = results[4,1]

. 
. eststo model3

. estadd local test "F_Levels - F_PFP"

added macro:
               e(test) : "F_Levels - F_PFP"

. estadd scalar test_stat = `D2_stat'

added scalar:
          e(test_stat) =  .00845575

. estadd scalar p_value = `p2_value'

added scalar:
            e(p_value) =  .41047595

. 
.         /*pfp vs. control*/     
. bootstrap r(D), cluster(schid) reps(5): ksmirnov e if (treatment4groups == 1) | (treatment4groups == 4), by(treatment4groups) exact
(running ksmirnov on estimation sample)

warning: ksmirnov does not set e(sample), so no observations will be excluded from the resampling because of missing values or other reasons. To exclude observations, press Break, save the data, drop any observations that are to be excluded, and rerun
         bootstrap.

Bootstrap replications (5)
----+--- 1 ---+--- 2 ---+--- 3 ---+--- 4 ---+--- 5 
.....

Bootstrap results                                        Number of obs = 4,384
                                                         Replications  =     5

      Command: ksmirnov e, by(treatment4groups) exact
        _bs_1: r(D)

                                 (Replications based on 106 clusters in schid)
------------------------------------------------------------------------------
             |   Observed   Bootstrap                         Normal-based
             | coefficient  std. err.      z    P>|z|     [95% conf. interval]
-------------+----------------------------------------------------------------
       _bs_1 |    .070648   .0106587     6.63   0.000     .0497574    .0915386
------------------------------------------------------------------------------

. matrix results = r(table)

. local D_stat = results[1,1]

. local p_value = results[4,1]

. 
. eststo model4 

. estadd local test "Equality of distributions"

added macro:
               e(test) : "Equality of distributions"

. estadd scalar test_stat = `D_stat'

added scalar:
          e(test_stat) =  .07064803

. estadd scalar p_value = `p_value'

added scalar:
            e(p_value) =  3.398e-11

. 
. bootstrap r(D_1), cluster(schid) reps(5): ksmirnov e if (treatment4groups == 1) | (treatment4groups == 4), by(treatment4groups) exact
(running ksmirnov on estimation sample)

warning: ksmirnov does not set e(sample), so no observations will be excluded from the resampling because of missing values or other reasons. To exclude observations, press Break, save the data, drop any observations that are to be excluded, and rerun
         bootstrap.

Bootstrap replications (5)
----+--- 1 ---+--- 2 ---+--- 3 ---+--- 4 ---+--- 5 
.....

Bootstrap results                                        Number of obs = 4,384
                                                         Replications  =     5

      Command: ksmirnov e, by(treatment4groups) exact
        _bs_1: r(D_1)

                                 (Replications based on 106 clusters in schid)
------------------------------------------------------------------------------
             |   Observed   Bootstrap                         Normal-based
             | coefficient  std. err.      z    P>|z|     [95% conf. interval]
-------------+----------------------------------------------------------------
       _bs_1 |    .070648   .0297682     2.37   0.018     .0123034    .1289926
------------------------------------------------------------------------------

. matrix results = r(table)

. local D1_stat = results[1,1]

. local p1_value = results[4,1]

. 
. eststo model5  

. estadd local test "F_PFP - F_Control"

added macro:
               e(test) : "F_PFP - F_Control"

. estadd scalar test_stat = `D1_stat'

added scalar:
          e(test_stat) =  .07064803

. estadd scalar p_value = `p1_value'

added scalar:
            e(p_value) =  .01763129

. 
. 
. bootstrap (-r(D_2)), cluster(schid) reps(5): ksmirnov e if (treatment4groups == 1) | (treatment4groups == 4), by(treatment4groups) exact
(running ksmirnov on estimation sample)

warning: ksmirnov does not set e(sample), so no observations will be excluded from the resampling because of missing values or other reasons. To exclude observations, press Break, save the data, drop any observations that are to be excluded, and rerun
         bootstrap.

Bootstrap replications (5)
----+--- 1 ---+--- 2 ---+--- 3 ---+--- 4 ---+--- 5 
.....

Bootstrap results                                        Number of obs = 4,384
                                                         Replications  =     5

      Command: ksmirnov e, by(treatment4groups) exact
        _bs_1: -r(D_2)

                                 (Replications based on 106 clusters in schid)
------------------------------------------------------------------------------
             |   Observed   Bootstrap                         Normal-based
             | coefficient  std. err.      z    P>|z|     [95% conf. interval]
-------------+----------------------------------------------------------------
       _bs_1 |          0   .0000295     0.00   1.000    -.0000578    .0000578
------------------------------------------------------------------------------

. matrix results = r(table)

. local D2_stat = results[1,1]

. local p2_value = results[4,1]

. 
. eststo model6 

. estadd local test "F_Control - F_PFP"

added macro:
               e(test) : "F_Control - F_PFP"

. estadd scalar test_stat = `D2_stat'

added scalar:
          e(test_stat) =  0

. estadd scalar p_value = `p2_value'

added scalar:
            e(p_value) =  1

. 
. 
.         /*pfp vs. gains*/
.         
. bootstrap r(D), cluster(schid) reps(5): ksmirnov e if (treatment4groups == 3) | (treatment4groups == 4), by(treatment4groups) exact
(running ksmirnov on estimation sample)

warning: ksmirnov does not set e(sample), so no observations will be excluded from the resampling because of missing values or other reasons. To exclude observations, press Break, save the data, drop any observations that are to be excluded, and rerun
         bootstrap.

Bootstrap replications (5)
----+--- 1 ---+--- 2 ---+--- 3 ---+--- 4 ---+--- 5 
.....

Bootstrap results                                        Number of obs = 4,585
                                                         Replications  =     5

      Command: ksmirnov e, by(treatment4groups) exact
        _bs_1: r(D)

                                 (Replications based on 110 clusters in schid)
------------------------------------------------------------------------------
             |   Observed   Bootstrap                         Normal-based
             | coefficient  std. err.      z    P>|z|     [95% conf. interval]
-------------+----------------------------------------------------------------
       _bs_1 |   .0564215   .0294268     1.92   0.055    -.0012539    .1140969
------------------------------------------------------------------------------

. matrix results = r(table)

. local D_stat = results[1,1]

. local p_value = results[4,1]

. 
. eststo model7

. estadd local test "Equality of distributions"

added macro:
               e(test) : "Equality of distributions"

. estadd scalar test_stat = `D_stat'

added scalar:
          e(test_stat) =  .05642149

. estadd scalar p_value = `p_value'

added scalar:
            e(p_value) =  .05519304

. 
. bootstrap r(D_1), cluster(schid) reps(5): ksmirnov e if (treatment4groups == 3) | (treatment4groups == 4), by(treatment4groups) exact
(running ksmirnov on estimation sample)

warning: ksmirnov does not set e(sample), so no observations will be excluded from the resampling because of missing values or other reasons. To exclude observations, press Break, save the data, drop any observations that are to be excluded, and rerun
         bootstrap.

Bootstrap replications (5)
----+--- 1 ---+--- 2 ---+--- 3 ---+--- 4 ---+--- 5 
.....

Bootstrap results                                        Number of obs = 4,585
                                                         Replications  =     5

      Command: ksmirnov e, by(treatment4groups) exact
        _bs_1: r(D_1)

                                 (Replications based on 110 clusters in schid)
------------------------------------------------------------------------------
             |   Observed   Bootstrap                         Normal-based
             | coefficient  std. err.      z    P>|z|     [95% conf. interval]
-------------+----------------------------------------------------------------
       _bs_1 |   .0564215   .0377593     1.49   0.135    -.0175854    .1304284
------------------------------------------------------------------------------

. matrix results = r(table)

. local D1_stat = results[1,1]

. local p1_value = results[4,1]

. 
. eststo model8 

. estadd local test "F_PFP - F_Gains"

added macro:
               e(test) : "F_PFP - F_Gains"

. estadd scalar test_stat = `D1_stat'

added scalar:
          e(test_stat) =  .05642149

. estadd scalar p_value = `p1_value'

added scalar:
            e(p_value) =  .13511295

. 
. 
. bootstrap (-r(D_2)), cluster(schid) reps(5): ksmirnov e if (treatment4groups == 3) | (treatment4groups == 4), by(treatment4groups) exact
(running ksmirnov on estimation sample)

warning: ksmirnov does not set e(sample), so no observations will be excluded from the resampling because of missing values or other reasons. To exclude observations, press Break, save the data, drop any observations that are to be excluded, and rerun
         bootstrap.

Bootstrap replications (5)
----+--- 1 ---+--- 2 ---+--- 3 ---+--- 4 ---+--- 5 
.....

Bootstrap results                                        Number of obs = 4,585
                                                         Replications  =     5

      Command: ksmirnov e, by(treatment4groups) exact
        _bs_1: -r(D_2)

                                 (Replications based on 110 clusters in schid)
------------------------------------------------------------------------------
             |   Observed   Bootstrap                         Normal-based
             | coefficient  std. err.      z    P>|z|     [95% conf. interval]
-------------+----------------------------------------------------------------
       _bs_1 |          0   .0285634     0.00   1.000    -.0559832    .0559832
------------------------------------------------------------------------------

. matrix results = r(table)

. local D2_stat = results[1,1]

. local p2_value = results[4,1]

. 
. eststo model9

. estadd local test "F_Gains - F_PFP"

added macro:
               e(test) : "F_Gains - F_PFP"

. estadd scalar test_stat = `D2_stat'

added scalar:
          e(test_stat) =  0

. estadd scalar p_value = `p2_value'

added scalar:
            e(p_value) =  1

.         
.         /*gains vs. levels*/
.         
. bootstrap r(D), cluster(schid) reps(5): ksmirnov e if (treatment4groups == 2) | (treatment4groups == 3), by(treatment4groups) exact
(running ksmirnov on estimation sample)

warning: ksmirnov does not set e(sample), so no observations will be excluded from the resampling because of missing values or other reasons. To exclude observations, press Break, save the data, drop any observations that are to be excluded, and rerun
         bootstrap.

Bootstrap replications (5)
----+--- 1 ---+--- 2 ---+--- 3 ---+--- 4 ---+--- 5 
.....

Bootstrap results                                        Number of obs = 4,688
                                                         Replications  =     5

      Command: ksmirnov e, by(treatment4groups) exact
        _bs_1: r(D)

                                 (Replications based on 110 clusters in schid)
------------------------------------------------------------------------------
             |   Observed   Bootstrap                         Normal-based
             | coefficient  std. err.      z    P>|z|     [95% conf. interval]
-------------+----------------------------------------------------------------
       _bs_1 |   .0419638   .0095078     4.41   0.000     .0233288    .0605988
------------------------------------------------------------------------------

. matrix results = r(table)

. local D_stat = results[1,1]

. local p_value = results[4,1]

. 
. eststo model10  

. estadd local test "Equality of distributions"

added macro:
               e(test) : "Equality of distributions"

. estadd scalar test_stat = `D_stat'

added scalar:
          e(test_stat) =  .04196383

. estadd scalar p_value = `p_value'

added scalar:
            e(p_value) =  .00001017

. 
. bootstrap r(D_1), cluster(schid) reps(5): ksmirnov e if (treatment4groups == 2) | (treatment4groups == 3), by(treatment4groups) exact
(running ksmirnov on estimation sample)

warning: ksmirnov does not set e(sample), so no observations will be excluded from the resampling because of missing values or other reasons. To exclude observations, press Break, save the data, drop any observations that are to be excluded, and rerun
         bootstrap.

Bootstrap replications (5)
----+--- 1 ---+--- 2 ---+--- 3 ---+--- 4 ---+--- 5 
.....

Bootstrap results                                        Number of obs = 4,688
                                                         Replications  =     5

      Command: ksmirnov e, by(treatment4groups) exact
        _bs_1: r(D_1)

                                 (Replications based on 110 clusters in schid)
------------------------------------------------------------------------------
             |   Observed   Bootstrap                         Normal-based
             | coefficient  std. err.      z    P>|z|     [95% conf. interval]
-------------+----------------------------------------------------------------
       _bs_1 |   .0076518   .0081267     0.94   0.346    -.0082763    .0235799
------------------------------------------------------------------------------

. matrix results = r(table)

. local D1_stat = results[1,1]

. local p1_value = results[4,1]

. 
. eststo model11

. estadd local test "F_Gains - F_Levels"

added macro:
               e(test) : "F_Gains - F_Levels"

. estadd scalar test_stat = `D1_stat'

added scalar:
          e(test_stat) =  .00765177

. estadd scalar p_value = `p1_value'

added scalar:
            e(p_value) =  .34642048

. 
. bootstrap (-r(D_2)), cluster(schid) reps(5): ksmirnov e if (treatment4groups == 2) | (treatment4groups == 3), by(treatment4groups) exact
(running ksmirnov on estimation sample)

warning: ksmirnov does not set e(sample), so no observations will be excluded from the resampling because of missing values or other reasons. To exclude observations, press Break, save the data, drop any observations that are to be excluded, and rerun
         bootstrap.

Bootstrap replications (5)
----+--- 1 ---+--- 2 ---+--- 3 ---+--- 4 ---+--- 5 
.....

Bootstrap results                                        Number of obs = 4,688
                                                         Replications  =     5

      Command: ksmirnov e, by(treatment4groups) exact
        _bs_1: -r(D_2)

                                 (Replications based on 110 clusters in schid)
------------------------------------------------------------------------------
             |   Observed   Bootstrap                         Normal-based
             | coefficient  std. err.      z    P>|z|     [95% conf. interval]
-------------+----------------------------------------------------------------
       _bs_1 |   .0419638    .014027     2.99   0.003     .0144715    .0694562
------------------------------------------------------------------------------

. matrix results = r(table)

. local D2_stat = results[1,1]

. local p2_value = results[4,1]

. 
. eststo model12

. estadd local test "F_Levels - F_Gains"

added macro:
               e(test) : "F_Levels - F_Gains"

. estadd scalar test_stat = `D2_stat'

added scalar:
          e(test_stat) =  .04196383

. estadd scalar p_value = `p2_value'

added scalar:
            e(p_value) =  .00277471

. 
. 
. 
.         /*gains vs. control*/
. bootstrap r(D), cluster(schid) reps(5): ksmirnov e if (treatment4groups == 1) | (treatment4groups == 3), by(treatment4groups) exact
(running ksmirnov on estimation sample)

warning: ksmirnov does not set e(sample), so no observations will be excluded from the resampling because of missing values or other reasons. To exclude observations, press Break, save the data, drop any observations that are to be excluded, and rerun
         bootstrap.

Bootstrap replications (5)
----+--- 1 ---+--- 2 ---+--- 3 ---+--- 4 ---+--- 5 
.....

Bootstrap results                                        Number of obs = 4,709
                                                         Replications  =     5

      Command: ksmirnov e, by(treatment4groups) exact
        _bs_1: r(D)

                                 (Replications based on 108 clusters in schid)
------------------------------------------------------------------------------
             |   Observed   Bootstrap                         Normal-based
             | coefficient  std. err.      z    P>|z|     [95% conf. interval]
-------------+----------------------------------------------------------------
       _bs_1 |   .0244793   .0145494     1.68   0.092     -.004037    .0529955
------------------------------------------------------------------------------

. matrix results = r(table)

. local D_stat = results[1,1]

. local p_value = results[4,1]

. 
. eststo model13

. estadd local test "Equality of distributions"

added macro:
               e(test) : "Equality of distributions"

. estadd scalar test_stat = `D_stat'

added scalar:
          e(test_stat) =  .02447926

. estadd scalar p_value = `p_value'

added scalar:
            e(p_value) =  .09247301

. 
. bootstrap r(D_1), cluster(schid) reps(5): ksmirnov e if (treatment4groups == 1) | (treatment4groups == 3), by(treatment4groups) exact
(running ksmirnov on estimation sample)

warning: ksmirnov does not set e(sample), so no observations will be excluded from the resampling because of missing values or other reasons. To exclude observations, press Break, save the data, drop any observations that are to be excluded, and rerun
         bootstrap.

Bootstrap replications (5)
----+--- 1 ---+--- 2 ---+--- 3 ---+--- 4 ---+--- 5 
.....

Bootstrap results                                        Number of obs = 4,709
                                                         Replications  =     5

      Command: ksmirnov e, by(treatment4groups) exact
        _bs_1: r(D_1)

                                 (Replications based on 108 clusters in schid)
------------------------------------------------------------------------------
             |   Observed   Bootstrap                         Normal-based
             | coefficient  std. err.      z    P>|z|     [95% conf. interval]
-------------+----------------------------------------------------------------
       _bs_1 |   .0242248   .0154009     1.57   0.116    -.0059604    .0544099
------------------------------------------------------------------------------

. matrix results = r(table)

. local D1_stat = results[1,1]

. local p1_value = results[4,1]

. 
. eststo model14

. estadd local test "F_Gains - F_Control"

added macro:
               e(test) : "F_Gains - F_Control"

. estadd scalar test_stat = `D1_stat'

added scalar:
          e(test_stat) =  .02422477

. estadd scalar p_value = `p1_value'

added scalar:
            e(p_value) =  .11573092

. 
. bootstrap (-r(D_2)), cluster(schid) reps(5): ksmirnov e if (treatment4groups == 1) | (treatment4groups == 3), by(treatment4groups) exact
(running ksmirnov on estimation sample)

warning: ksmirnov does not set e(sample), so no observations will be excluded from the resampling because of missing values or other reasons. To exclude observations, press Break, save the data, drop any observations that are to be excluded, and rerun
         bootstrap.

Bootstrap replications (5)
----+--- 1 ---+--- 2 ---+--- 3 ---+--- 4 ---+--- 5 
.....

Bootstrap results                                        Number of obs = 4,709
                                                         Replications  =     5

      Command: ksmirnov e, by(treatment4groups) exact
        _bs_1: -r(D_2)

                                 (Replications based on 108 clusters in schid)
------------------------------------------------------------------------------
             |   Observed   Bootstrap                         Normal-based
             | coefficient  std. err.      z    P>|z|     [95% conf. interval]
-------------+----------------------------------------------------------------
       _bs_1 |   .0244793   .0153789     1.59   0.111    -.0056629    .0546214
------------------------------------------------------------------------------

. matrix results = r(table)

. local D2_stat = results[1,1]

. local p2_value = results[4,1]

. 
. eststo model15

. estadd local test "F_Control - F_Gains"

added macro:
               e(test) : "F_Control - F_Gains"

. estadd scalar test_stat = `D2_stat'

added scalar:
          e(test_stat) =  .02447926

. estadd scalar p_value = `p2_value'

added scalar:
            e(p_value) =  .11144281

. 
.         
.         /*levels vs. control*/
. bootstrap r(D), cluster(schid) reps(5): ksmirnov e if (treatment4groups == 1) | (treatment4groups == 2), by(treatment4groups) exact
(running ksmirnov on estimation sample)

warning: ksmirnov does not set e(sample), so no observations will be excluded from the resampling because of missing values or other reasons. To exclude observations, press Break, save the data, drop any observations that are to be excluded, and rerun
         bootstrap.

Bootstrap replications (5)
----+--- 1 ---+--- 2 ---+--- 3 ---+--- 4 ---+--- 5 
.....

Bootstrap results                                        Number of obs = 4,487
                                                         Replications  =     5

      Command: ksmirnov e, by(treatment4groups) exact
        _bs_1: r(D)

                                 (Replications based on 106 clusters in schid)
------------------------------------------------------------------------------
             |   Observed   Bootstrap                         Normal-based
             | coefficient  std. err.      z    P>|z|     [95% conf. interval]
-------------+----------------------------------------------------------------
       _bs_1 |   .0362058   .0192407     1.88   0.060    -.0015053     .073917
------------------------------------------------------------------------------

. matrix results = r(table)

. local D_stat = results[1,1]

. local p_value = results[4,1]

. 
. eststo model16  

. estadd local test "Equality of distributions"

added macro:
               e(test) : "Equality of distributions"

. estadd scalar test_stat = `D_stat'

added scalar:
          e(test_stat) =  .03620585

. estadd scalar p_value = `p_value'

added scalar:
            e(p_value) =  .0598727

. 
. bootstrap r(D_1), cluster(schid) reps(5): ksmirnov e if (treatment4groups == 1) | (treatment4groups == 2), by(treatment4groups) exact
(running ksmirnov on estimation sample)

warning: ksmirnov does not set e(sample), so no observations will be excluded from the resampling because of missing values or other reasons. To exclude observations, press Break, save the data, drop any observations that are to be excluded, and rerun
         bootstrap.

Bootstrap replications (5)
----+--- 1 ---+--- 2 ---+--- 3 ---+--- 4 ---+--- 5 
.....

Bootstrap results                                        Number of obs = 4,487
                                                         Replications  =     5

      Command: ksmirnov e, by(treatment4groups) exact
        _bs_1: r(D_1)

                                 (Replications based on 106 clusters in schid)
------------------------------------------------------------------------------
             |   Observed   Bootstrap                         Normal-based
             | coefficient  std. err.      z    P>|z|     [95% conf. interval]
-------------+----------------------------------------------------------------
       _bs_1 |   .0362058   .0261567     1.38   0.166    -.0150604     .087472
------------------------------------------------------------------------------

. matrix results = r(table)

. local D1_stat = results[1,1]

. local p1_value = results[4,1]

. 
. eststo model17 

. estadd local test "F_Levels - F_Control"

added macro:
               e(test) : "F_Levels - F_Control"

. estadd scalar test_stat = `D1_stat'

added scalar:
          e(test_stat) =  .03620585

. estadd scalar p_value = `p1_value'

added scalar:
            e(p_value) =  .16630034

. 
. bootstrap (-r(D_2)), cluster(schid) reps(5): ksmirnov e if (treatment4groups == 1) | (treatment4groups == 2), by(treatment4groups) exact
(running ksmirnov on estimation sample)

warning: ksmirnov does not set e(sample), so no observations will be excluded from the resampling because of missing values or other reasons. To exclude observations, press Break, save the data, drop any observations that are to be excluded, and rerun
         bootstrap.

Bootstrap replications (5)
----+--- 1 ---+--- 2 ---+--- 3 ---+--- 4 ---+--- 5 
.....

Bootstrap results                                        Number of obs = 4,487
                                                         Replications  =     5

      Command: ksmirnov e, by(treatment4groups) exact
        _bs_1: -r(D_2)

                                 (Replications based on 106 clusters in schid)
------------------------------------------------------------------------------
             |   Observed   Bootstrap                         Normal-based
             | coefficient  std. err.      z    P>|z|     [95% conf. interval]
-------------+----------------------------------------------------------------
       _bs_1 |   .0004576   .0037441     0.12   0.903    -.0068808    .0077959
------------------------------------------------------------------------------

. matrix results = r(table)

. local D2_stat = results[1,1]

. local p2_value = results[4,1]

. 
. eststo model18

. estadd local test "F_Control - F_Levels"

added macro:
               e(test) : "F_Control - F_Levels"

. estadd scalar test_stat = `D2_stat'

added scalar:
          e(test_stat) =  .00045756

. estadd scalar p_value = `p2_value'

added scalar:
            e(p_value) =  .90273513

. 
. 
. /* ===================== Export to LaTeX / CSV Correctly ===================== */
. esttab model1 model2 model3 model4 model5 model6 model7 model8 model9 model10 model11 model12 model13 model14 model15 model16 model17 model18 using "`outdir'/Table3.tex", tex replace nolabel b(3) se(3) obslast star(* 0.10 ** 0.05 *** 0.01) ///
>     scalar("test Test" "test_stat Test Statistic" "p_value P-Value")
(file E:\One Drive\OneDrive - connect.hku.hk\Desktop\test/output/replication/Table3.tex not found)
(output written to E:\One Drive\OneDrive - connect.hku.hk\Desktop\test/output/replication/Table3.tex)

. 
. drop e

. /*---------------------------------------------------------------------------------*/
. 
. /*---------------------------------------------------------------------------------*/
. /*TABLE 4: Impacts on question difficulty subscores and curricular coverage*/
. 
. eststo clear

. foreach var of varlist $item_difficulty {
  2.         eststo: xi: reg `var' $inc_design $base_covs $other_covs i.countyid, vce(cluster schid)
  3. 
.         lincom gains - levels
  4.         estadd scalar gains_levels = round(`r(estimate)',0.001)
  5.         local t = `r(estimate)'/`r(se)'
  6.         estadd scalar gains_levels_p = round(2*ttail(e(df_r),abs(`t')),0.001)
  7.         
.         lincom p4p - levels
  8.         estadd scalar p4p_levels = round(`r(estimate)',0.001)
  9.         local t = `r(estimate)'/`r(se)'
 10.         estadd scalar p4p_levels_p = round(2*ttail(e(df_r),abs(`t')),0.001)
 11.         
.         lincom p4p - gains
 12.         estadd scalar p4p_gains = round(`r(estimate)',0.001)
 13.         local t = `r(estimate)'/`r(se)'
 14.         estadd scalar p4p_gains_p = round(2*ttail(e(df_r),abs(`t')),0.001)
 15.         
.         su z_final_score if e(sample)==1 & control==1
 16.         estadd scalar mean =  round(`r(mean)',0.001)
 17.         
.         testparm levels gains p4p, equal
 18.                                                                                                 
.         estadd scalar testequal_p = round(`r(p)',0.001)
 19. }
i.countyid        _Icountyid_101-207  (naturally coded; _Icountyid_101 omitted)

Linear regression                               Number of obs     =      7,363
                                                F(28, 213)        =       5.72
                                                Prob > F          =     0.0000
                                                R-squared         =     0.0620
                                                Root MSE          =     .13416

                                      (Std. err. adjusted for 214 clusters in schid)
------------------------------------------------------------------------------------
                   |               Robust
      t_taught_any | Coefficient  std. err.      t    P>|t|     [95% conf. interval]
-------------------+----------------------------------------------------------------
            levels |   .0147659   .0096731     1.53   0.128    -.0043013    .0338331
             gains |   .0080363   .0092871     0.87   0.388      -.01027    .0263427
               p4p |   .0272584   .0107074     2.55   0.012     .0061524    .0483643
        zmathbase1 |   .0012196   .0020951     0.58   0.561    -.0029101    .0053493
        zmathbase2 |   .0126593    .002368     5.35   0.000     .0079916     .017327
            female |   .0069642   .0033636     2.07   0.040      .000334    .0135945
            stuage |  -.0001539   .0019838    -0.08   0.938    -.0040644    .0037565
        dad_jhs_yn |   .0076229   .0036791     2.07   0.039     .0003709    .0148749
        mom_jhs_yn |  -.0083645   .0035098    -2.38   0.018     -.015283   -.0014461
               ses |  -.0006363   .0017224    -0.37   0.712    -.0040315    .0027588
        class_size |   .0005717   .0002625     2.18   0.031     .0000543    .0010892
teacher_experience |  -.0001184   .0004313    -0.27   0.784    -.0009686    .0007318
   teacher_basepay |   2.03e-08   4.97e-06     0.00   0.997    -9.78e-06    9.82e-06
    _Icountyid_104 |   .0367117   .0217912     1.68   0.094    -.0062424    .0796658
    _Icountyid_105 |  -.0013933   .0222274    -0.06   0.950    -.0452072    .0424205
    _Icountyid_106 |   .0638788   .0222602     2.87   0.005     .0200004    .1077573
    _Icountyid_107 |  -.0071732   .0193104    -0.37   0.711    -.0452372    .0308907
    _Icountyid_108 |  -.0133386   .0264802    -0.50   0.615    -.0655353    .0388582
    _Icountyid_109 |  -.0285963   .0271063    -1.05   0.293    -.0820272    .0248346
    _Icountyid_110 |   .0274022   .0210214     1.30   0.194    -.0140345    .0688389
    _Icountyid_111 |   .0473369   .0200448     2.36   0.019     .0078253    .0868485
    _Icountyid_201 |   .0210956   .0159353     1.32   0.187    -.0103155    .0525068
    _Icountyid_202 |   .0034089   .0180196     0.19   0.850    -.0321107    .0389286
    _Icountyid_203 |   .0643289   .0193086     3.33   0.001     .0262684    .1023894
    _Icountyid_204 |   .0660742   .0158947     4.16   0.000     .0347431    .0974053
    _Icountyid_205 |   .0286572   .0220452     1.30   0.195    -.0147974    .0721118
    _Icountyid_206 |   .0135171   .0177098     0.76   0.446    -.0213918    .0484261
    _Icountyid_207 |   .0612313   .0228029     2.69   0.008     .0162831    .1061796
             _cons |   .7796815    .035746    21.81   0.000     .7092204    .8501427
------------------------------------------------------------------------------------
(est1 stored)

 ( 1)  - levels + gains = 0

------------------------------------------------------------------------------
t_taught_any | Coefficient  Std. err.      t    P>|t|     [95% conf. interval]
-------------+----------------------------------------------------------------
         (1) |  -.0067296   .0094803    -0.71   0.479    -.0254168    .0119577
------------------------------------------------------------------------------

added scalar:
       e(gains_levels) =  -.007

added scalar:
     e(gains_levels_p) =  .479

 ( 1)  - levels + p4p = 0

------------------------------------------------------------------------------
t_taught_any | Coefficient  Std. err.      t    P>|t|     [95% conf. interval]
-------------+----------------------------------------------------------------
         (1) |   .0124924    .010413     1.20   0.232    -.0080333    .0330182
------------------------------------------------------------------------------

added scalar:
         e(p4p_levels) =  .012

added scalar:
       e(p4p_levels_p) =  .232

 ( 1)  - gains + p4p = 0

------------------------------------------------------------------------------
t_taught_any | Coefficient  Std. err.      t    P>|t|     [95% conf. interval]
-------------+----------------------------------------------------------------
         (1) |    .019222   .0106106     1.81   0.071    -.0016932    .0401372
------------------------------------------------------------------------------

added scalar:
          e(p4p_gains) =  .019

added scalar:
        e(p4p_gains_p) =  .071

    Variable |        Obs        Mean    Std. dev.       Min        Max
-------------+---------------------------------------------------------
z_final_sc~e |      1,862   -.0035292     1.00296  -2.518305   2.800046

added scalar:
               e(mean) =  -.004

 ( 1)  - levels + gains = 0
 ( 2)  - levels + p4p = 0

       F(  2,   213) =    1.65
            Prob > F =    0.1939

added scalar:
        e(testequal_p) =  .194
i.countyid        _Icountyid_101-207  (naturally coded; _Icountyid_101 omitted)

Linear regression                               Number of obs     =      7,373
                                                F(28, 213)        =       7.17
                                                Prob > F          =     0.0000
                                                R-squared         =     0.0488
                                                Root MSE          =      .1706

                                      (Std. err. adjusted for 214 clusters in schid)
------------------------------------------------------------------------------------
                   |               Robust
     t_taught_easy | Coefficient  std. err.      t    P>|t|     [95% conf. interval]
-------------------+----------------------------------------------------------------
            levels |   .0191811   .0115296     1.66   0.098    -.0035457    .0419079
             gains |   .0115026   .0118332     0.97   0.332    -.0118225    .0348278
               p4p |   .0163919   .0121158     1.35   0.178    -.0074903    .0402741
        zmathbase1 |   .0055133   .0031593     1.75   0.082    -.0007142    .0117409
        zmathbase2 |   .0134481   .0030932     4.35   0.000     .0073509    .0195453
            female |   .0190914    .004134     4.62   0.000     .0109427    .0272402
            stuage |  -.0031968   .0024055    -1.33   0.185    -.0079384    .0015447
        dad_jhs_yn |   .0058449   .0047357     1.23   0.218    -.0034899    .0151797
        mom_jhs_yn |  -.0020365   .0042479    -0.48   0.632    -.0104098    .0063368
               ses |  -.0034005   .0022798    -1.49   0.137    -.0078944    .0010934
        class_size |   .0005798   .0003243     1.79   0.075    -.0000593     .001219
teacher_experience |   .0000217   .0005771     0.04   0.970    -.0011159    .0011593
   teacher_basepay |   1.12e-06   7.14e-06     0.16   0.875     -.000013    .0000152
    _Icountyid_104 |   .0318582   .0293029     1.09   0.278    -.0259026     .089619
    _Icountyid_105 |  -.0162058   .0298174    -0.54   0.587    -.0749807    .0425692
    _Icountyid_106 |    .044628   .0312144     1.43   0.154    -.0169008    .1061567
    _Icountyid_107 |  -.0146302   .0338343    -0.43   0.666    -.0813231    .0520627
    _Icountyid_108 |  -.0384779   .0386477    -1.00   0.321    -.1146589    .0377031
    _Icountyid_109 |  -.0362835   .0315516    -1.15   0.251     -.098477    .0259099
    _Icountyid_110 |  -.0009548   .0321771    -0.03   0.976    -.0643812    .0624716
    _Icountyid_111 |   .0224729   .0313733     0.72   0.475    -.0393691    .0843149
    _Icountyid_201 |   .0524395   .0220632     2.38   0.018     .0089492    .0959297
    _Icountyid_202 |   .0358933   .0232082     1.55   0.123    -.0098538    .0816404
    _Icountyid_203 |   .0656913   .0272964     2.41   0.017     .0118857     .119497
    _Icountyid_204 |   .0565856   .0225583     2.51   0.013     .0121195    .1010517
    _Icountyid_205 |   .0440182   .0257332     1.71   0.089    -.0067062    .0947426
    _Icountyid_206 |   .0336572   .0242102     1.39   0.166     -.014065    .0813795
    _Icountyid_207 |   .0675111   .0265903     2.54   0.012     .0150972     .119925
             _cons |   .8155852    .040432    20.17   0.000     .7358872    .8952832
------------------------------------------------------------------------------------
(est2 stored)

 ( 1)  - levels + gains = 0

------------------------------------------------------------------------------
t_taught_e~y | Coefficient  Std. err.      t    P>|t|     [95% conf. interval]
-------------+----------------------------------------------------------------
         (1) |  -.0076784   .0127425    -0.60   0.547    -.0327959     .017439
------------------------------------------------------------------------------

added scalar:
       e(gains_levels) =  -.008

added scalar:
     e(gains_levels_p) =  .547

 ( 1)  - levels + p4p = 0

------------------------------------------------------------------------------
t_taught_e~y | Coefficient  Std. err.      t    P>|t|     [95% conf. interval]
-------------+----------------------------------------------------------------
         (1) |  -.0027892   .0123608    -0.23   0.822    -.0271542    .0215759
------------------------------------------------------------------------------

added scalar:
         e(p4p_levels) =  -.003

added scalar:
       e(p4p_levels_p) =  .822

 ( 1)  - gains + p4p = 0

------------------------------------------------------------------------------
t_taught_e~y | Coefficient  Std. err.      t    P>|t|     [95% conf. interval]
-------------+----------------------------------------------------------------
         (1) |   .0048893   .0132282     0.37   0.712    -.0211856    .0309642
------------------------------------------------------------------------------

added scalar:
          e(p4p_gains) =  .005

added scalar:
        e(p4p_gains_p) =  .712

    Variable |        Obs        Mean    Std. dev.       Min        Max
-------------+---------------------------------------------------------
z_final_sc~e |      1,864   -.0039026    1.002673  -2.518305   2.800046

added scalar:
               e(mean) =  -.004

 ( 1)  - levels + gains = 0
 ( 2)  - levels + p4p = 0

       F(  2,   213) =    0.18
            Prob > F =    0.8332

added scalar:
        e(testequal_p) =  .833
i.countyid        _Icountyid_101-207  (naturally coded; _Icountyid_101 omitted)

Linear regression                               Number of obs     =      7,370
                                                F(28, 213)        =      10.63
                                                Prob > F          =     0.0000
                                                R-squared         =     0.0719
                                                Root MSE          =     .16824

                                      (Std. err. adjusted for 214 clusters in schid)
------------------------------------------------------------------------------------
                   |               Robust
      t_taught_med | Coefficient  std. err.      t    P>|t|     [95% conf. interval]
-------------------+----------------------------------------------------------------
            levels |   .0198627   .0103732     1.91   0.057    -.0005846      .04031
             gains |   .0220777   .0099159     2.23   0.027     .0025318    .0416236
               p4p |   .0247379   .0112553     2.20   0.029     .0025518    .0469239
        zmathbase1 |    .007336    .002644     2.77   0.006     .0021243    .0125477
        zmathbase2 |   .0220458   .0026982     8.17   0.000     .0167271    .0273644
            female |  -.0029006   .0040429    -0.72   0.474    -.0108699    .0050687
            stuage |  -.0032465   .0023229    -1.40   0.164    -.0078253    .0013322
        dad_jhs_yn |   .0053757   .0042688     1.26   0.209    -.0030389    .0137903
        mom_jhs_yn |  -.0084323   .0044472    -1.90   0.059    -.0171984    .0003338
               ses |   .0007508   .0021386     0.35   0.726    -.0034648    .0049665
        class_size |   .0002693   .0002731     0.99   0.325    -.0002689    .0008076
teacher_experience |  -.0004165   .0004623    -0.90   0.369    -.0013277    .0004947
   teacher_basepay |   5.96e-07   5.57e-06     0.11   0.915    -.0000104    .0000116
    _Icountyid_104 |    .017064   .0222308     0.77   0.444    -.0267565    .0608845
    _Icountyid_105 |  -.0071516   .0248174    -0.29   0.773    -.0560708    .0417675
    _Icountyid_106 |   .0418739   .0207604     2.02   0.045     .0009517    .0827961
    _Icountyid_107 |  -.0062748   .0227294    -0.28   0.783     -.051078    .0385285
    _Icountyid_108 |    -.02626   .0287028    -0.91   0.361    -.0828378    .0303179
    _Icountyid_109 |  -.0547683   .0277094    -1.98   0.049    -.1093881   -.0001486
    _Icountyid_110 |   .0267564   .0221708     1.21   0.229    -.0169459    .0704586
    _Icountyid_111 |   .0233147   .0229091     1.02   0.310    -.0218429    .0684723
    _Icountyid_201 |  -.0321675   .0197376    -1.63   0.105    -.0710736    .0067386
    _Icountyid_202 |  -.0649782   .0207779    -3.13   0.002    -.1059349   -.0240216
    _Icountyid_203 |   .0024399   .0212939     0.11   0.909    -.0395338    .0444136
    _Icountyid_204 |   .0461651    .019259     2.40   0.017     .0082025    .0841277
    _Icountyid_205 |  -.0175729   .0264582    -0.66   0.507    -.0697264    .0345806
    _Icountyid_206 |  -.0322779    .020459    -1.58   0.116     -.072606    .0080502
    _Icountyid_207 |  -.0085525   .0232528    -0.37   0.713    -.0543876    .0372826
             _cons |    .899038   .0391047    22.99   0.000     .8219561    .9761199
------------------------------------------------------------------------------------
(est3 stored)

 ( 1)  - levels + gains = 0

------------------------------------------------------------------------------
t_taught_med | Coefficient  Std. err.      t    P>|t|     [95% conf. interval]
-------------+----------------------------------------------------------------
         (1) |   .0022149   .0099935     0.22   0.825    -.0174839    .0219138
------------------------------------------------------------------------------

added scalar:
       e(gains_levels) =  .002

added scalar:
     e(gains_levels_p) =  .825

 ( 1)  - levels + p4p = 0

------------------------------------------------------------------------------
t_taught_med | Coefficient  Std. err.      t    P>|t|     [95% conf. interval]
-------------+----------------------------------------------------------------
         (1) |   .0048751   .0107121     0.46   0.649    -.0162401    .0259904
------------------------------------------------------------------------------

added scalar:
         e(p4p_levels) =  .005

added scalar:
       e(p4p_levels_p) =  .649

 ( 1)  - gains + p4p = 0

------------------------------------------------------------------------------
t_taught_med | Coefficient  Std. err.      t    P>|t|     [95% conf. interval]
-------------+----------------------------------------------------------------
         (1) |   .0026602    .010893     0.24   0.807    -.0188117    .0241321
------------------------------------------------------------------------------

added scalar:
          e(p4p_gains) =  .003

added scalar:
        e(p4p_gains_p) =  .807

    Variable |        Obs        Mean    Std. dev.       Min        Max
-------------+---------------------------------------------------------
z_final_sc~e |      1,863   -.0040332    1.002926  -2.518305   2.800046

added scalar:
               e(mean) =  -.004

 ( 1)  - levels + gains = 0
 ( 2)  - levels + p4p = 0

       F(  2,   213) =    0.10
            Prob > F =    0.9015

added scalar:
        e(testequal_p) =  .901
i.countyid        _Icountyid_101-207  (naturally coded; _Icountyid_101 omitted)

Linear regression                               Number of obs     =      7,366
                                                F(28, 213)        =       4.69
                                                Prob > F          =     0.0000
                                                R-squared         =     0.0419
                                                Root MSE          =     .22307

                                      (Std. err. adjusted for 214 clusters in schid)
------------------------------------------------------------------------------------
                   |               Robust
     t_taught_hard | Coefficient  std. err.      t    P>|t|     [95% conf. interval]
-------------------+----------------------------------------------------------------
            levels |   .0054714   .0145731     0.38   0.708    -.0232546    .0341974
             gains |   -.009354    .013752    -0.68   0.497    -.0364615    .0177534
               p4p |   .0404546   .0143155     2.83   0.005     .0122364    .0686729
        zmathbase1 |  -.0094165   .0033586    -2.80   0.006    -.0160369   -.0027961
        zmathbase2 |    .002513   .0037094     0.68   0.499    -.0047987    .0098248
            female |   .0046323   .0053197     0.87   0.385    -.0058537    .0151183
            stuage |   .0057984   .0035097     1.65   0.100    -.0011199    .0127166
        dad_jhs_yn |   .0115518   .0061682     1.87   0.062    -.0006068    .0237104
        mom_jhs_yn |   -.014568   .0061323    -2.38   0.018    -.0266558   -.0024802
               ses |   .0007375   .0028392     0.26   0.795    -.0048591    .0063341
        class_size |   .0008581   .0003743     2.29   0.023     .0001204    .0015958
teacher_experience |   .0000338   .0005894     0.06   0.954     -.001128    .0011956
   teacher_basepay |  -1.53e-06   5.17e-06    -0.30   0.768    -.0000117    8.67e-06
    _Icountyid_104 |   .0609047   .0257229     2.37   0.019     .0102006    .1116089
    _Icountyid_105 |   .0193016   .0243959     0.79   0.430    -.0287867      .06739
    _Icountyid_106 |   .1040359   .0274577     3.79   0.000     .0499124    .1581595
    _Icountyid_107 |  -.0021273   .0212101    -0.10   0.920    -.0439359    .0396812
    _Icountyid_108 |    .027025   .0226555     1.19   0.234    -.0176327    .0716827
    _Icountyid_109 |   .0049734    .033254     0.15   0.881    -.0605757    .0705225
    _Icountyid_110 |    .055888   .0247343     2.26   0.025     .0071326    .1046434
    _Icountyid_111 |   .0957424   .0330091     2.90   0.004     .0306761    .1608087
    _Icountyid_201 |   .0419521   .0205221     2.04   0.042     .0014997    .0824045
    _Icountyid_202 |   .0390425   .0226273     1.73   0.086    -.0055595    .0836446
    _Icountyid_203 |   .1246085   .0287525     4.33   0.000     .0679327    .1812843
    _Icountyid_204 |   .0953713   .0201618     4.73   0.000      .055629    .1351135
    _Icountyid_205 |    .059245   .0363066     1.63   0.104    -.0123212    .1308112
    _Icountyid_206 |   .0387413    .024197     1.60   0.111     -.008955    .0864376
    _Icountyid_207 |   .1246051   .0296658     4.20   0.000      .066129    .1830812
             _cons |   .6269169   .0534682    11.73   0.000     .5215223    .7323114
------------------------------------------------------------------------------------
(est4 stored)

 ( 1)  - levels + gains = 0

------------------------------------------------------------------------------
t_taught_h~d | Coefficient  Std. err.      t    P>|t|     [95% conf. interval]
-------------+----------------------------------------------------------------
         (1) |  -.0148254   .0145557    -1.02   0.310    -.0435172    .0138663
------------------------------------------------------------------------------

added scalar:
       e(gains_levels) =  -.015

added scalar:
     e(gains_levels_p) =  .31

 ( 1)  - levels + p4p = 0

------------------------------------------------------------------------------
t_taught_h~d | Coefficient  Std. err.      t    P>|t|     [95% conf. interval]
-------------+----------------------------------------------------------------
         (1) |   .0349832   .0151484     2.31   0.022     .0051232    .0648432
------------------------------------------------------------------------------

added scalar:
         e(p4p_levels) =  .035

added scalar:
       e(p4p_levels_p) =  .022

 ( 1)  - gains + p4p = 0

------------------------------------------------------------------------------
t_taught_h~d | Coefficient  Std. err.      t    P>|t|     [95% conf. interval]
-------------+----------------------------------------------------------------
         (1) |   .0498087   .0148576     3.35   0.001     .0205219    .0790955
------------------------------------------------------------------------------

added scalar:
          e(p4p_gains) =  .05

added scalar:
        e(p4p_gains_p) =  .001

    Variable |        Obs        Mean    Std. dev.       Min        Max
-------------+---------------------------------------------------------
z_final_sc~e |      1,863   -.0033988    1.002706  -2.518305   2.800046

added scalar:
               e(mean) =  -.003

 ( 1)  - levels + gains = 0
 ( 2)  - levels + p4p = 0

       F(  2,   213) =    5.82
            Prob > F =    0.0035

added scalar:
        e(testequal_p) =  .003
i.countyid        _Icountyid_101-207  (naturally coded; _Icountyid_101 omitted)

Linear regression                               Number of obs     =      7,373
                                                F(28, 213)        =      73.96
                                                Prob > F          =     0.0000
                                                R-squared         =     0.3360
                                                Root MSE          =     .81898

                                      (Std. err. adjusted for 214 clusters in schid)
------------------------------------------------------------------------------------
                   |               Robust
         easyscore | Coefficient  std. err.      t    P>|t|     [95% conf. interval]
-------------------+----------------------------------------------------------------
            levels |   .0287646     .04387     0.66   0.513    -.0577104    .1152396
             gains |  -.0062083   .0359328    -0.17   0.863    -.0770378    .0646211
               p4p |   .1053117   .0433443     2.43   0.016     .0198731    .1907504
        zmathbase1 |   .2485918   .0162279    15.32   0.000     .2166039    .2805798
        zmathbase2 |   .3246762   .0148639    21.84   0.000     .2953771    .3539754
            female |  -.0831682   .0209222    -3.98   0.000    -.1244093    -.041927
            stuage |  -.0891828   .0111513    -8.00   0.000    -.1111638   -.0672018
        dad_jhs_yn |   .0624237   .0201162     3.10   0.002     .0227715    .1020759
        mom_jhs_yn |   .0289564   .0207509     1.40   0.164    -.0119469    .0698598
               ses |  -.0049401   .0111798    -0.44   0.659    -.0269773    .0170972
        class_size |   .0014803   .0010922     1.36   0.177    -.0006726    .0036331
teacher_experience |  -.0039155   .0016068    -2.44   0.016    -.0070829   -.0007482
   teacher_basepay |  -.0000287   .0000211    -1.36   0.176    -.0000703    .0000129
    _Icountyid_104 |   .0838292   .0739176     1.13   0.258    -.0618744    .2295329
    _Icountyid_105 |  -.0622315   .0810302    -0.77   0.443    -.2219553    .0974923
    _Icountyid_106 |  -.0696145   .0756604    -0.92   0.359    -.2187535    .0795245
    _Icountyid_107 |   .0612197   .0752013     0.81   0.417    -.0870144    .2094537
    _Icountyid_108 |  -.0368745   .0767389    -0.48   0.631    -.1881394    .1143904
    _Icountyid_109 |  -.1305216   .0777501    -1.68   0.095    -.2837798    .0227365
    _Icountyid_110 |   .0643993   .1108607     0.58   0.562    -.1541254    .2829239
    _Icountyid_111 |  -.0158721       .209    -0.08   0.940    -.4278454    .3961011
    _Icountyid_201 |   -.023166   .0688627    -0.34   0.737    -.1589056    .1125735
    _Icountyid_202 |  -.1287556   .0725585    -1.77   0.077    -.2717803    .0142691
    _Icountyid_203 |  -.1891671   .0839535    -2.25   0.025    -.3546531    -.023681
    _Icountyid_204 |  -.1283067   .0740732    -1.73   0.085    -.2743172    .0177038
    _Icountyid_205 |  -.0515426   .0997262    -0.52   0.606    -.2481193    .1450342
    _Icountyid_206 |  -.1986359   .0942979    -2.11   0.036    -.3845125   -.0127594
    _Icountyid_207 |  -.0664454   .0721653    -0.92   0.358     -.208695    .0758043
             _cons |   1.193858    .161276     7.40   0.000     .8759569     1.51176
------------------------------------------------------------------------------------
(est5 stored)

 ( 1)  - levels + gains = 0

------------------------------------------------------------------------------
   easyscore | Coefficient  Std. err.      t    P>|t|     [95% conf. interval]
-------------+----------------------------------------------------------------
         (1) |   -.034973   .0417442    -0.84   0.403    -.1172575    .0473116
------------------------------------------------------------------------------

added scalar:
       e(gains_levels) =  -.035

added scalar:
     e(gains_levels_p) =  .403

 ( 1)  - levels + p4p = 0

------------------------------------------------------------------------------
   easyscore | Coefficient  Std. err.      t    P>|t|     [95% conf. interval]
-------------+----------------------------------------------------------------
         (1) |   .0765471   .0496068     1.54   0.124    -.0212361    .1743303
------------------------------------------------------------------------------

added scalar:
         e(p4p_levels) =  .077

added scalar:
       e(p4p_levels_p) =  .124

 ( 1)  - gains + p4p = 0

------------------------------------------------------------------------------
   easyscore | Coefficient  Std. err.      t    P>|t|     [95% conf. interval]
-------------+----------------------------------------------------------------
         (1) |   .1115201   .0425224     2.62   0.009     .0277015    .1953386
------------------------------------------------------------------------------

added scalar:
          e(p4p_gains) =  .112

added scalar:
        e(p4p_gains_p) =  .009

    Variable |        Obs        Mean    Std. dev.       Min        Max
-------------+---------------------------------------------------------
z_final_sc~e |      1,864   -.0039026    1.002673  -2.518305   2.800046

added scalar:
               e(mean) =  -.004

 ( 1)  - levels + gains = 0
 ( 2)  - levels + p4p = 0

       F(  2,   213) =    3.44
            Prob > F =    0.0339

added scalar:
        e(testequal_p) =  .034
i.countyid        _Icountyid_101-207  (naturally coded; _Icountyid_101 omitted)

Linear regression                               Number of obs     =      7,373
                                                F(28, 213)        =     104.90
                                                Prob > F          =     0.0000
                                                R-squared         =     0.3730
                                                Root MSE          =     .81296

                                      (Std. err. adjusted for 214 clusters in schid)
------------------------------------------------------------------------------------
                   |               Robust
       mediumscore | Coefficient  std. err.      t    P>|t|     [95% conf. interval]
-------------------+----------------------------------------------------------------
            levels |   .0938825    .050241     1.87   0.063    -.0051508    .1929157
             gains |  -.0098366   .0498446    -0.20   0.844    -.1080885    .0884154
               p4p |   .0924079   .0621901     1.49   0.139    -.0301789    .2149948
        zmathbase1 |   .2796312   .0173623    16.11   0.000     .2454073    .3138551
        zmathbase2 |   .3122353   .0150362    20.77   0.000     .2825965    .3418742
            female |  -.1724023   .0196788    -8.76   0.000    -.2111924   -.1336121
            stuage |  -.0865867     .01083    -8.00   0.000    -.1079344    -.065239
        dad_jhs_yn |   .0154937   .0206658     0.75   0.454     -.025242    .0562295
        mom_jhs_yn |   .0146379   .0208473     0.70   0.483    -.0264555    .0557313
               ses |   .0076283   .0097214     0.78   0.434    -.0115342    .0267908
        class_size |   .0033052   .0014498     2.28   0.024     .0004474    .0061629
teacher_experience |   .0002592   .0022522     0.12   0.908    -.0041801    .0046986
   teacher_basepay |  -.0000305   .0000267    -1.14   0.254    -.0000831    .0000221
    _Icountyid_104 |    .153087    .083358     1.84   0.068    -.0112253    .3173993
    _Icountyid_105 |   .0072545   .0888239     0.08   0.935    -.1678321    .1823411
    _Icountyid_106 |   .0140996   .0895525     0.16   0.875     -.162423    .1906222
    _Icountyid_107 |    .199231   .1135023     1.76   0.081    -.0245006    .4229627
    _Icountyid_108 |   .1028494   .1023559     1.00   0.316    -.0989109    .3046096
    _Icountyid_109 |   .0061789   .0896682     0.07   0.945    -.1705719    .1829297
    _Icountyid_110 |   .2651855   .1195086     2.22   0.028     .0296145    .5007565
    _Icountyid_111 |   .2389935    .207352     1.15   0.250    -.1697312    .6477182
    _Icountyid_201 |   -.121097   .0912211    -1.33   0.186    -.3009087    .0587147
    _Icountyid_202 |  -.3041432   .0728917    -4.17   0.000    -.4478248   -.1604617
    _Icountyid_203 |  -.2731007   .0840545    -3.25   0.001    -.4387858   -.1074155
    _Icountyid_204 |  -.2511634   .0769842    -3.26   0.001    -.4029119   -.0994149
    _Icountyid_205 |  -.1334366   .1566683    -0.85   0.395    -.4422556    .1753824
    _Icountyid_206 |  -.2959867    .079174    -3.74   0.000    -.4520517   -.1399218
    _Icountyid_207 |  -.1331486   .0926108    -1.44   0.152    -.3156997    .0494024
             _cons |   1.160456   .1834011     6.33   0.000     .7989426     1.52197
------------------------------------------------------------------------------------
(est6 stored)

 ( 1)  - levels + gains = 0

------------------------------------------------------------------------------
 mediumscore | Coefficient  Std. err.      t    P>|t|     [95% conf. interval]
-------------+----------------------------------------------------------------
         (1) |   -.103719   .0493324    -2.10   0.037    -.2009613   -.0064768
------------------------------------------------------------------------------

added scalar:
       e(gains_levels) =  -.104

added scalar:
     e(gains_levels_p) =  .037

 ( 1)  - levels + p4p = 0

------------------------------------------------------------------------------
 mediumscore | Coefficient  Std. err.      t    P>|t|     [95% conf. interval]
-------------+----------------------------------------------------------------
         (1) |  -.0014746   .0569706    -0.03   0.979     -.113773    .1108239
------------------------------------------------------------------------------

added scalar:
         e(p4p_levels) =  -.001

added scalar:
       e(p4p_levels_p) =  .979

 ( 1)  - gains + p4p = 0

------------------------------------------------------------------------------
 mediumscore | Coefficient  Std. err.      t    P>|t|     [95% conf. interval]
-------------+----------------------------------------------------------------
         (1) |   .1022445   .0609331     1.68   0.095    -.0178646    .2223536
------------------------------------------------------------------------------

added scalar:
          e(p4p_gains) =  .102

added scalar:
        e(p4p_gains_p) =  .095

    Variable |        Obs        Mean    Std. dev.       Min        Max
-------------+---------------------------------------------------------
z_final_sc~e |      1,864   -.0039026    1.002673  -2.518305   2.800046

added scalar:
               e(mean) =  -.004

 ( 1)  - levels + gains = 0
 ( 2)  - levels + p4p = 0

       F(  2,   213) =    2.50
            Prob > F =    0.0847

added scalar:
        e(testequal_p) =  .085
i.countyid        _Icountyid_101-207  (naturally coded; _Icountyid_101 omitted)

Linear regression                               Number of obs     =      7,373
                                                F(28, 213)        =      65.63
                                                Prob > F          =     0.0000
                                                R-squared         =     0.2726
                                                Root MSE          =     .88892

                                      (Std. err. adjusted for 214 clusters in schid)
------------------------------------------------------------------------------------
                   |               Robust
         hardscore | Coefficient  std. err.      t    P>|t|     [95% conf. interval]
-------------------+----------------------------------------------------------------
            levels |   .0747136   .0522629     1.43   0.154    -.0283052    .1777324
             gains |   .0189862   .0532693     0.36   0.722    -.0860162    .1239886
               p4p |   .1599365   .0669628     2.39   0.018     .0279419     .291931
        zmathbase1 |   .2316074   .0168752    13.72   0.000     .1983436    .2648713
        zmathbase2 |   .2489879   .0166544    14.95   0.000     .2161593    .2818164
            female |  -.0795856   .0215884    -3.69   0.000    -.1221398   -.0370314
            stuage |  -.0636883   .0117353    -5.43   0.000    -.0868205   -.0405562
        dad_jhs_yn |   .0407846   .0203635     2.00   0.046     .0006448    .0809243
        mom_jhs_yn |    .023056   .0242996     0.95   0.344    -.0248424    .0709544
               ses |   .0030713   .0104419     0.29   0.769    -.0175114    .0236541
        class_size |   .0033447   .0014825     2.26   0.025     .0004225    .0062669
teacher_experience |   .0029117   .0022528     1.29   0.198    -.0015289    .0073523
   teacher_basepay |  -.0000507   .0000276    -1.83   0.068    -.0001052    3.78e-06
    _Icountyid_104 |   .3257142   .1128845     2.89   0.004     .1032004    .5482281
    _Icountyid_105 |  -.0943729   .0769376    -1.23   0.221    -.2460296    .0572838
    _Icountyid_106 |  -.0688328   .0908504    -0.76   0.449    -.2479138    .1102483
    _Icountyid_107 |   .3044256   .1290975     2.36   0.019     .0499533    .5588979
    _Icountyid_108 |   .1817285   .1124662     1.62   0.108    -.0399609    .4034179
    _Icountyid_109 |  -.0437873   .0778625    -0.56   0.574    -.1972671    .1096924
    _Icountyid_110 |   .3270059   .1256919     2.60   0.010     .0792465    .5747652
    _Icountyid_111 |   .1828743    .138783     1.32   0.189    -.0906898    .4564384
    _Icountyid_201 |  -.2009964   .0914442    -2.20   0.029    -.3812478   -.0207449
    _Icountyid_202 |  -.3255803   .0638701    -5.10   0.000    -.4514787   -.1996819
    _Icountyid_203 |  -.4491066     .06927    -6.48   0.000    -.5856491    -.312564
    _Icountyid_204 |  -.3052847   .0722873    -4.22   0.000    -.4477749   -.1627945
    _Icountyid_205 |  -.0547396   .2058878    -0.27   0.791    -.4605781     .351099
    _Icountyid_206 |  -.4283689   .0788772    -5.43   0.000    -.5838487    -.272889
    _Icountyid_207 |  -.2549716   .1074051    -2.37   0.018    -.4666847   -.0432585
             _cons |   .8928255   .1848792     4.83   0.000     .5283982    1.257253
------------------------------------------------------------------------------------
(est7 stored)

 ( 1)  - levels + gains = 0

------------------------------------------------------------------------------
   hardscore | Coefficient  Std. err.      t    P>|t|     [95% conf. interval]
-------------+----------------------------------------------------------------
         (1) |  -.0557274   .0541364    -1.03   0.304    -.1624391    .0509843
------------------------------------------------------------------------------

added scalar:
       e(gains_levels) =  -.056

added scalar:
     e(gains_levels_p) =  .304

 ( 1)  - levels + p4p = 0

------------------------------------------------------------------------------
   hardscore | Coefficient  Std. err.      t    P>|t|     [95% conf. interval]
-------------+----------------------------------------------------------------
         (1) |   .0852229   .0604215     1.41   0.160    -.0338778    .2043236
------------------------------------------------------------------------------

added scalar:
         e(p4p_levels) =  .085

added scalar:
       e(p4p_levels_p) =  .16

 ( 1)  - gains + p4p = 0

------------------------------------------------------------------------------
   hardscore | Coefficient  Std. err.      t    P>|t|     [95% conf. interval]
-------------+----------------------------------------------------------------
         (1) |   .1409503   .0678313     2.08   0.039     .0072437    .2746568
------------------------------------------------------------------------------

added scalar:
          e(p4p_gains) =  .141

added scalar:
        e(p4p_gains_p) =  .039

    Variable |        Obs        Mean    Std. dev.       Min        Max
-------------+---------------------------------------------------------
z_final_sc~e |      1,864   -.0039026    1.002673  -2.518305   2.800046

added scalar:
               e(mean) =  -.004

 ( 1)  - levels + gains = 0
 ( 2)  - levels + p4p = 0

       F(  2,   213) =    2.16
            Prob > F =    0.1176

added scalar:
        e(testequal_p) =  .118

. 
. esttab using "`outdir'/Table4.csv", nolabel b(3) se(3) star(* 0.10 ** 0.05 *** 0.01) ///
>         keep($inc_design) nonote replace
(file E:\One Drive\OneDrive - connect.hku.hk\Desktop\test/output/replication/Table4.csv not found)
(output written to E:\One Drive\OneDrive - connect.hku.hk\Desktop\test/output/replication/Table4.csv)

. /*---------------------------------------------------------------------------------*/
. 
. /**********************************************************************************/
. /*TABLE 5: Correlation between Teacher Perception of Own Value-added and Student Characteristics*/
. eststo clear

. 
.         eststo: areg va_tutor_norm  pctrank , absorb(teachid) vce(cluster teachid)

Linear regression, absorbing indicators             Number of obs     =  2,444
Absorbed variable: teachid                          No. of categories =    235
                                                    F(1, 234)         =  10.16
                                                    Prob > F          = 0.0016
                                                    R-squared         = 0.7515
                                                    Adj R-squared     = 0.7250
                                                    Root MSE          = 0.8569

                              (Std. err. adjusted for 235 clusters in teachid)
------------------------------------------------------------------------------
             |               Robust
va_tutor_n~m | Coefficient  std. err.      t    P>|t|     [95% conf. interval]
-------------+----------------------------------------------------------------
     pctrank |  -.3290026   .1032361    -3.19   0.002    -.5323935   -.1256117
       _cons |  -1.582871   .0466924   -33.90   0.000    -1.674862    -1.49088
------------------------------------------------------------------------------
(est1 stored)

.         eststo: areg va_tutor_norm  pctrank female stuage dad_jhs_yn mom_jhs_yn ses , absorb(teachid) vce(cluster teachid)

Linear regression, absorbing indicators             Number of obs     =  2,347
Absorbed variable: teachid                          No. of categories =    235
                                                    F(6, 234)         =   2.00
                                                    Prob > F          = 0.0663
                                                    R-squared         = 0.7534
                                                    Adj R-squared     = 0.7253
                                                    Root MSE          = 0.8558

                              (Std. err. adjusted for 235 clusters in teachid)
------------------------------------------------------------------------------
             |               Robust
va_tutor_n~m | Coefficient  std. err.      t    P>|t|     [95% conf. interval]
-------------+----------------------------------------------------------------
     pctrank |  -.3170747   .1043364    -3.04   0.003    -.5226334   -.1115159
      female |  -.0315937   .0452897    -0.70   0.486    -.1208214    .0576339
      stuage |  -.0261821   .0250735    -1.04   0.297    -.0755807    .0232166
  dad_jhs_yn |  -.0540183   .0492211    -1.10   0.274    -.1509914    .0429549
  mom_jhs_yn |  -.0251892   .0387876    -0.65   0.517    -.1016068    .0512284
         ses |  -.0185112   .0182206    -1.02   0.311    -.0544085    .0173861
       _cons |  -1.235395   .3227162    -3.83   0.000    -1.871195   -.5995945
------------------------------------------------------------------------------
(est2 stored)

.         
.         eststo: areg va_tutor_norm  i.pctrank_3bins , absorb(teachid) vce(cluster teachid)

Linear regression, absorbing indicators             Number of obs     =  2,444
Absorbed variable: teachid                          No. of categories =    235
                                                    F(2, 234)         =   4.83
                                                    Prob > F          = 0.0088
                                                    R-squared         = 0.7508
                                                    Adj R-squared     = 0.7242
                                                    Root MSE          = 0.8582

                               (Std. err. adjusted for 235 clusters in teachid)
-------------------------------------------------------------------------------
              |               Robust
va_tutor_norm | Coefficient  std. err.      t    P>|t|     [95% conf. interval]
--------------+----------------------------------------------------------------
pctrank_3bins |
           2  |  -.0645771   .0516573    -1.25   0.213    -.1663499    .0371957
           3  |  -.2062595    .071405    -2.89   0.004    -.3469382   -.0655807
              |
        _cons |  -1.646385   .0365166   -45.09   0.000    -1.718329   -1.574442
-------------------------------------------------------------------------------
(est3 stored)

.         eststo: areg va_tutor_norm  i.pctrank_3bins female stuage dad_jhs_yn mom_jhs_yn ses , absorb(teachid) vce(cluster teachid)

Linear regression, absorbing indicators             Number of obs     =  2,347
Absorbed variable: teachid                          No. of categories =    235
                                                    F(7, 234)         =   1.76
                                                    Prob > F          = 0.0972
                                                    R-squared         = 0.7529
                                                    Adj R-squared     = 0.7246
                                                    Root MSE          = 0.8570

                               (Std. err. adjusted for 235 clusters in teachid)
-------------------------------------------------------------------------------
              |               Robust
va_tutor_norm | Coefficient  std. err.      t    P>|t|     [95% conf. interval]
--------------+----------------------------------------------------------------
pctrank_3bins |
           2  |  -.0528531    .053156    -0.99   0.321    -.1575786    .0518724
           3  |  -.1933746   .0710906    -2.72   0.007     -.333434   -.0533153
              |
       female |  -.0326707   .0452969    -0.72   0.471    -.1219125    .0565712
       stuage |  -.0202504   .0246612    -0.82   0.412    -.0688368    .0283359
   dad_jhs_yn |  -.0583762   .0492827    -1.18   0.237    -.1554708    .0387184
   mom_jhs_yn |  -.0272353   .0387156    -0.70   0.482     -.103511    .0490404
          ses |   -.019495   .0182068    -1.07   0.285    -.0553652    .0163752
        _cons |  -1.369866   .3112367    -4.40   0.000     -1.98305    -.756682
-------------------------------------------------------------------------------
(est4 stored)

. 
.         eststo: areg va_tutor_norm  avgzmath5_pctrank, absorb(teachid) vce(cluster teachid)

Linear regression, absorbing indicators             Number of obs     =  2,444
Absorbed variable: teachid                          No. of categories =    235
                                                    F(1, 234)         =   3.54
                                                    Prob > F          = 0.0613
                                                    R-squared         = 0.7490
                                                    Adj R-squared     = 0.7223
                                                    Root MSE          = 0.8611

                                   (Std. err. adjusted for 235 clusters in teachid)
-----------------------------------------------------------------------------------
                  |               Robust
    va_tutor_norm | Coefficient  std. err.      t    P>|t|     [95% conf. interval]
------------------+----------------------------------------------------------------
avgzmath5_pctrank |   -.171188   .0910407    -1.88   0.061    -.3505522    .0081761
            _cons |  -1.643041   .0471371   -34.86   0.000    -1.735908   -1.550174
-----------------------------------------------------------------------------------
(est5 stored)

.         eststo: areg va_tutor_norm  avgzmath5_pctrank female stuage dad_jhs_yn mom_jhs_yn ses , absorb(teachid) vce(cluster teachid)

Linear regression, absorbing indicators             Number of obs     =  2,347
Absorbed variable: teachid                          No. of categories =    235
                                                    F(6, 234)         =   1.33
                                                    Prob > F          = 0.2459
                                                    R-squared         = 0.7515
                                                    Adj R-squared     = 0.7232
                                                    Root MSE          = 0.8591

                                   (Std. err. adjusted for 235 clusters in teachid)
-----------------------------------------------------------------------------------
                  |               Robust
    va_tutor_norm | Coefficient  std. err.      t    P>|t|     [95% conf. interval]
------------------+----------------------------------------------------------------
avgzmath5_pctrank |  -.1863302   .0941933    -1.98   0.049    -.3719055   -.0007548
           female |  -.0440518   .0465027    -0.95   0.344    -.1356692    .0475657
           stuage |   -.018511   .0255141    -0.73   0.469    -.0687777    .0317556
       dad_jhs_yn |   -.061075   .0494598    -1.23   0.218    -.1585185    .0363684
       mom_jhs_yn |  -.0287509   .0387495    -0.74   0.459    -.1050933    .0475914
              ses |   -.019045   .0180243    -1.06   0.292    -.0545556    .0164657
            _cons |  -1.363979   .3311929    -4.12   0.000     -2.01648   -.7114777
-----------------------------------------------------------------------------------
(est6 stored)

.         
.         eststo: areg va_tutor_norm  i.avg_pctrank_3bins , absorb(teachid) vce(cluster teachid)

Linear regression, absorbing indicators             Number of obs     =  2,444
Absorbed variable: teachid                          No. of categories =    235
                                                    F(2, 234)         =   1.54
                                                    Prob > F          = 0.2169
                                                    R-squared         = 0.7488
                                                    Adj R-squared     = 0.7220
                                                    Root MSE          = 0.8616

                                   (Std. err. adjusted for 235 clusters in teachid)
-----------------------------------------------------------------------------------
                  |               Robust
    va_tutor_norm | Coefficient  std. err.      t    P>|t|     [95% conf. interval]
------------------+----------------------------------------------------------------
avg_pctrank_3bins |
               2  |  -.0338858   .0463053    -0.73   0.465    -.1251144    .0573428
               3  |  -.1061366   .0620755    -1.71   0.089    -.2284349    .0161617
                  |
            _cons |  -1.682636   .0339704   -49.53   0.000    -1.749563   -1.615709
-----------------------------------------------------------------------------------
(est7 stored)

.         eststo: areg va_tutor_norm  i.avg_pctrank_3bins female stuage dad_jhs_yn mom_jhs_yn ses , absorb(teachid) vce(cluster teachid)

Linear regression, absorbing indicators             Number of obs     =  2,347
Absorbed variable: teachid                          No. of categories =    235
                                                    F(7, 234)         =   1.12
                                                    Prob > F          = 0.3534
                                                    R-squared         = 0.7513
                                                    Adj R-squared     = 0.7229
                                                    Root MSE          = 0.8596

                                   (Std. err. adjusted for 235 clusters in teachid)
-----------------------------------------------------------------------------------
                  |               Robust
    va_tutor_norm | Coefficient  std. err.      t    P>|t|     [95% conf. interval]
------------------+----------------------------------------------------------------
avg_pctrank_3bins |
               2  |  -.0449105   .0469935    -0.96   0.340    -.1374949    .0476738
               3  |  -.1171216   .0636105    -1.84   0.067     -.242444    .0082008
                  |
           female |  -.0422001   .0462902    -0.91   0.363    -.1333989    .0489987
           stuage |  -.0163176   .0253104    -0.64   0.520     -.066183    .0335479
       dad_jhs_yn |  -.0620803   .0497273    -1.25   0.213    -.1600506    .0358901
       mom_jhs_yn |  -.0299491   .0384693    -0.78   0.437    -.1057395    .0458414
              ses |  -.0196043   .0180233    -1.09   0.278     -.055113    .0159045
            _cons |  -1.430406   .3209316    -4.46   0.000    -2.062691   -.7981215
-----------------------------------------------------------------------------------
(est8 stored)

. 
. esttab using "`outdir'/Table5.csv", nolabel b(3) se(3)  star(* 0.10 ** 0.05 *** 0.01) drop (1.*) replace nonote order(*pctrank* avg*)           
(file E:\One Drive\OneDrive - connect.hku.hk\Desktop\test/output/replication/Table5.csv not found)
(output written to E:\One Drive\OneDrive - connect.hku.hk\Desktop\test/output/replication/Table5.csv)

. 
. /*---------------------------------------------------------------------------------*/
. /*TABLE 6: Within Class Distributional Effects (Triage) AND Appendix Table 5: Within-class Distributional Effects (Full Regressions)*/
. 
. * Table 6 cols (1)-(2): with the bottom tercile as base, the arm x tercile
. * interactions are the middle-vs-bottom and top-vs-bottom differences.
. capture program drop t6_contrasts

. program define t6_contrasts
  1.     args tercile
  2.     local a 2
  3.     foreach arm in levels gains pfp {
  4.         estadd scalar `arm'_mb    = round(_b[`a'.treatment4groups#2.`tercile'], 0.001)
  5.         estadd scalar `arm'_mb_se = round(_se[`a'.treatment4groups#2.`tercile'], 0.001)
  6.         estadd scalar `arm'_tb    = round(_b[`a'.treatment4groups#3.`tercile'], 0.001)
  7.         estadd scalar `arm'_tb_se = round(_se[`a'.treatment4groups#3.`tercile'], 0.001)
  8.         local ++a
  9.     }
 10. end

. 
. eststo clear

. 
. *Panel A: Teacher Perception of Own Value-Added for Student
. eststo: reg z_final_score  i.treatment4groups##i.va_tutor_norm_terc zmathbase2 zmathbase1  i.countyid ,vce(cluster schid)

Linear regression                               Number of obs     =      2,238
                                                F(28, 207)        =      55.98
                                                Prob > F          =     0.0000
                                                R-squared         =     0.4491
                                                Root MSE          =     .76797

                                                       (Std. err. adjusted for 208 clusters in schid)
-----------------------------------------------------------------------------------------------------
                                    |               Robust
                      z_final_score | Coefficient  std. err.      t    P>|t|     [95% conf. interval]
------------------------------------+----------------------------------------------------------------
                   treatment4groups |
                                 2  |  -.1240312   .0872675    -1.42   0.157    -.2960782    .0480159
                                 3  |  -.1851572    .114145    -1.62   0.106     -.410193    .0398786
                                 4  |  -.0195585   .1121299    -0.17   0.862    -.2406216    .2015046
                                    |
                 va_tutor_norm_terc |
                                 2  |  -.0774639     .08185    -0.95   0.345    -.2388304    .0839026
                                 3  |  -.2130727   .0958886    -2.22   0.027    -.4021161   -.0240293
                                    |
treatment4groups#va_tutor_norm_terc |
                               2 2  |   .0533867   .1110628     0.48   0.631    -.1655725    .2723459
                               2 3  |     .21322   .1219384     1.75   0.082    -.0271804    .4536204
                               3 2  |   .1629272   .1455058     1.12   0.264    -.1239361    .4497906
                               3 3  |   .3334239   .1518144     2.20   0.029     .0341232    .6327245
                               4 2  |   .0562274    .139413     0.40   0.687     -.218624    .3310788
                               4 3  |   .0557053   .1507729     0.37   0.712    -.2415419    .3529526
                                    |
                         zmathbase2 |   .3768254   .0246699    15.27   0.000     .3281889    .4254618
                         zmathbase1 |   .3226686   .0233917    13.79   0.000     .2765521    .3687851
                                    |
                           countyid |
                               104  |   .1690611    .129053     1.31   0.192    -.0853657    .4234878
                               105  |  -.0232327   .0670456    -0.35   0.729    -.1554124     .108947
                               106  |  -.0867222   .1263877    -0.69   0.493    -.3358943    .1624499
                               107  |   .1877665    .168217     1.12   0.266    -.1438717    .5194047
                               108  |   .0866124   .1088586     0.80   0.427    -.1280013     .301226
                               109  |  -.2694754   .0862808    -3.12   0.002    -.4395771   -.0993737
                               110  |   .1426284   .1631477     0.87   0.383    -.1790157    .4642725
                               111  |  -.2354883   .1583751    -1.49   0.139    -.5477233    .0767468
                               201  |  -.1383358   .0885327    -1.56   0.120    -.3128772    .0362057
                               202  |  -.3514072   .0863964    -4.07   0.000    -.5217369   -.1810775
                               203  |    -.49298   .1009601    -4.88   0.000    -.6920219   -.2939381
                               204  |  -.4051973    .075856    -5.34   0.000    -.5547467   -.2556479
                               205  |  -.2810703   .1124028    -2.50   0.013    -.5026713   -.0594692
                               206  |  -.4347385    .091689    -4.74   0.000    -.6155025   -.2539744
                               207  |  -.1880469   .0897754    -2.09   0.037    -.3650382   -.0110555
                                    |
                              _cons |   .3470739   .0865781     4.01   0.000      .176386    .5177617
-----------------------------------------------------------------------------------------------------
(est1 stored)

. t6_contrasts va_tutor_norm_terc

added scalar:
          e(levels_mb) =  .053

added scalar:
       e(levels_mb_se) =  .111

added scalar:
          e(levels_tb) =  .213

added scalar:
       e(levels_tb_se) =  .122

added scalar:
           e(gains_mb) =  .163

added scalar:
        e(gains_mb_se) =  .146

added scalar:
           e(gains_tb) =  .333

added scalar:
        e(gains_tb_se) =  .152

added scalar:
             e(pfp_mb) =  .056

added scalar:
          e(pfp_mb_se) =  .139

added scalar:
             e(pfp_tb) =  .056

added scalar:
          e(pfp_tb_se) =  .151

.                 lincom  2.treatment4groups#3.va_tutor_norm_terc - 2.treatment4groups#2.va_tutor_norm_terc

 ( 1)  - 2.treatment4groups#2.va_tutor_norm_terc + 2.treatment4groups#3.va_tutor_norm_terc = 0

------------------------------------------------------------------------------
z_final_sc~e | Coefficient  Std. err.      t    P>|t|     [95% conf. interval]
-------------+----------------------------------------------------------------
         (1) |   .1598333   .1185567     1.35   0.179    -.0739001    .3935668
------------------------------------------------------------------------------

.                 estadd scalar levels_tm = round(`r(estimate)',0.001)

added scalar:
          e(levels_tm) =  .16

.                 estadd scalar levels_tm_se = round(`r(se)',0.001)

added scalar:
       e(levels_tm_se) =  .119

.                 local t = `r(estimate)'/`r(se)'

.                 estadd scalar levels_tm_p = round(2*ttail(e(df_r),abs(`t')),0.001)

added scalar:
        e(levels_tm_p) =  .179

.                                                                                                                 
.                 lincom  3.treatment4groups#3.va_tutor_norm_terc - 3.treatment4groups#2.va_tutor_norm_terc

 ( 1)  - 3.treatment4groups#2.va_tutor_norm_terc + 3.treatment4groups#3.va_tutor_norm_terc = 0

------------------------------------------------------------------------------
z_final_sc~e | Coefficient  Std. err.      t    P>|t|     [95% conf. interval]
-------------+----------------------------------------------------------------
         (1) |   .1704966   .1216502     1.40   0.163    -.0693356    .4103289
------------------------------------------------------------------------------

.                 estadd scalar gains_tm = round(`r(estimate)',0.001)

added scalar:
           e(gains_tm) =  .17

.                 estadd scalar gains_tm_se = round(`r(se)',0.001)

added scalar:
        e(gains_tm_se) =  .122

.                         local t = `r(estimate)'/`r(se)'

.                         estadd scalar gains_tm_p = round(2*ttail(e(df_r),abs(`t')),0.001)

added scalar:
         e(gains_tm_p) =  .163

.                                                                                                                 
.                 lincom  4.treatment4groups#3.va_tutor_norm_terc - 4.treatment4groups#2.va_tutor_norm_terc

 ( 1)  - 4.treatment4groups#2.va_tutor_norm_terc + 4.treatment4groups#3.va_tutor_norm_terc = 0

------------------------------------------------------------------------------
z_final_sc~e | Coefficient  Std. err.      t    P>|t|     [95% conf. interval]
-------------+----------------------------------------------------------------
         (1) |  -.0005221   .1267871    -0.00   0.997    -.2504817    .2494375
------------------------------------------------------------------------------

.                 estadd scalar pfp_tm = round(`r(estimate)',0.001)

added scalar:
             e(pfp_tm) =  -.001

.                 estadd scalar pfp_tm_se = round(`r(se)',0.001)

added scalar:
          e(pfp_tm_se) =  .127

.                         local t = `r(estimate)'/`r(se)'

.                         estadd scalar pfp_tm_p = round(2*ttail(e(df_r),abs(`t')),0.001)

added scalar:
           e(pfp_tm_p) =  .997

. 
.                                                                                                 
. *Panel B: Teacher Ranking of Students at Baseline                                                                                               
. eststo: reg z_final_score  i.treatment4groups##i.pctrank_3bins zmathbase2 zmathbase1 i.countyid ,vce(cluster schid)

Linear regression                               Number of obs     =      2,415
                                                F(28, 211)        =      63.71
                                                Prob > F          =     0.0000
                                                R-squared         =     0.4588
                                                Root MSE          =     .76233

                                                  (Std. err. adjusted for 212 clusters in schid)
------------------------------------------------------------------------------------------------
                               |               Robust
                 z_final_score | Coefficient  std. err.      t    P>|t|     [95% conf. interval]
-------------------------------+----------------------------------------------------------------
              treatment4groups |
                            2  |   .0508371   .0818805     0.62   0.535    -.1105715    .2122457
                            3  |   .0097332   .0911941     0.11   0.915     -.170035    .1895013
                            4  |    .069875   .0903836     0.77   0.440    -.1082956    .2480455
                               |
                 pctrank_3bins |
                            2  |   .1476157   .0789488     1.87   0.063    -.0080138    .3032452
                            3  |   .4238571   .0792205     5.35   0.000     .2676921     .580022
                               |
treatment4groups#pctrank_3bins |
                          2 2  |  -.0504313   .1002826    -0.50   0.616    -.2481155    .1472529
                          2 3  |  -.0908017   .1066483    -0.85   0.396    -.3010344     .119431
                          3 2  |    .050994   .1067564     0.48   0.633    -.1594517    .2614397
                          3 3  |  -.0895057   .1130898    -0.79   0.430    -.3124364    .1334249
                          4 2  |   -.021828    .107589    -0.20   0.839    -.2339151    .1902591
                          4 3  |  -.0694763   .1148469    -0.60   0.546    -.2958706     .156918
                               |
                    zmathbase2 |   .3424855   .0252354    13.57   0.000     .2927398    .3922313
                    zmathbase1 |   .2879762   .0239473    12.03   0.000     .2407696    .3351827
                               |
                      countyid |
                          104  |    .082914   .1279989     0.65   0.518    -.1694065    .3352345
                          105  |  -.0247518   .0697896    -0.35   0.723     -.162326    .1128224
                          106  |  -.1333068   .1239749    -1.08   0.283    -.3776949    .1110813
                          107  |   .1390529   .1723308     0.81   0.421    -.2006578    .4787636
                          108  |   .0878491   .1176524     0.75   0.456    -.1440757    .3197739
                          109  |  -.2804245   .0777833    -3.61   0.000    -.4337564   -.1270926
                          110  |   .0543294   .1601486     0.34   0.735    -.2613668    .3700256
                          111  |  -.1356085   .1832897    -0.74   0.460    -.4969221    .2257052
                          201  |  -.1569567   .0822786    -1.91   0.058    -.3191501    .0052367
                          202  |  -.3828992   .0857129    -4.47   0.000    -.5518624    -.213936
                          203  |  -.4566778   .0977395    -4.67   0.000    -.6493489   -.2640068
                          204  |  -.4474249   .0722354    -6.19   0.000    -.5898203   -.3050295
                          205  |  -.3271594   .1070822    -3.06   0.003    -.5382473   -.1160714
                          206  |  -.4538767   .0907752    -5.00   0.000    -.6328192   -.2749342
                          207  |   -.211587   .0857047    -2.47   0.014     -.380534   -.0426399
                               |
                         _cons |   .0762941   .0688007     1.11   0.269    -.0593308    .2119189
------------------------------------------------------------------------------------------------
(est2 stored)

. t6_contrasts pctrank_3bins                                                                                                              

added scalar:
          e(levels_mb) =  -.05

added scalar:
       e(levels_mb_se) =  .1

added scalar:
          e(levels_tb) =  -.091

added scalar:
       e(levels_tb_se) =  .107

added scalar:
           e(gains_mb) =  .051

added scalar:
        e(gains_mb_se) =  .107

added scalar:
           e(gains_tb) =  -.09

added scalar:
        e(gains_tb_se) =  .113

added scalar:
             e(pfp_mb) =  -.022

added scalar:
          e(pfp_mb_se) =  .108

added scalar:
             e(pfp_tb) =  -.069

added scalar:
          e(pfp_tb_se) =  .115

.                 lincom  2.treatment4groups#3.pctrank_3bins - 2.treatment4groups#2.pctrank_3bins

 ( 1)  - 2.treatment4groups#2.pctrank_3bins + 2.treatment4groups#3.pctrank_3bins = 0

------------------------------------------------------------------------------
z_final_sc~e | Coefficient  Std. err.      t    P>|t|     [95% conf. interval]
-------------+----------------------------------------------------------------
         (1) |  -.0403703   .1018091    -0.40   0.692    -.2410637     .160323
------------------------------------------------------------------------------

.                 estadd scalar levels_tm = round(`r(estimate)',0.001)

added scalar:
          e(levels_tm) =  -.04

.                 estadd scalar levels_tm_se = round(`r(se)',0.001)

added scalar:
       e(levels_tm_se) =  .102

.                         local t = `r(estimate)'/`r(se)'

.                         estadd scalar levels_tm_p = round(2*ttail(e(df_r),abs(`t')),0.001)

added scalar:
        e(levels_tm_p) =  .692

.                                                                                                                 
.                 lincom  3.treatment4groups#3.pctrank_3bins - 3.treatment4groups#2.pctrank_3bins

 ( 1)  - 3.treatment4groups#2.pctrank_3bins + 3.treatment4groups#3.pctrank_3bins = 0

------------------------------------------------------------------------------
z_final_sc~e | Coefficient  Std. err.      t    P>|t|     [95% conf. interval]
-------------+----------------------------------------------------------------
         (1) |  -.1404997   .1151823    -1.22   0.224    -.3675552    .0865557
------------------------------------------------------------------------------

.                 estadd scalar gains_tm = round(`r(estimate)',0.001)

added scalar:
           e(gains_tm) =  -.14

.                 estadd scalar gains_tm_se = round(`r(se)',0.001)

added scalar:
        e(gains_tm_se) =  .115

.                         local t = `r(estimate)'/`r(se)'

.                         estadd scalar gains_tm_p = round(2*ttail(e(df_r),abs(`t')),0.001)

added scalar:
         e(gains_tm_p) =  .224

.                                                                                                                 
.                 lincom  4.treatment4groups#3.pctrank_3bins - 4.treatment4groups#2.pctrank_3bins

 ( 1)  - 4.treatment4groups#2.pctrank_3bins + 4.treatment4groups#3.pctrank_3bins = 0

------------------------------------------------------------------------------
z_final_sc~e | Coefficient  Std. err.      t    P>|t|     [95% conf. interval]
-------------+----------------------------------------------------------------
         (1) |  -.0476483   .1137861    -0.42   0.676    -.2719515    .1766548
------------------------------------------------------------------------------

.                 estadd scalar pfp_tm = round(`r(estimate)',0.001)

added scalar:
             e(pfp_tm) =  -.048

.                 estadd scalar pfp_tm_se = round(`r(se)',0.001)

added scalar:
          e(pfp_tm_se) =  .114

.                         local t = `r(estimate)'/`r(se)'

.                         estadd scalar pfp_tm_p = round(2*ttail(e(df_r),abs(`t')),0.001)

added scalar:
           e(pfp_tm_p) =  .676

. 
.         
. *Panel C: Ranking of Students by Baseline Exam Score                                                                                            
. eststo: reg z_final_score  i.treatment4groups##i.avg_pctrank_3bins zmathbase2 zmathbase1 i.countyid ,vce(cluster schid)

Linear regression                               Number of obs     =      7,454
                                                F(28, 213)        =     150.00
                                                Prob > F          =     0.0000
                                                R-squared         =     0.4668
                                                Root MSE          =     .76375

                                                      (Std. err. adjusted for 214 clusters in schid)
----------------------------------------------------------------------------------------------------
                                   |               Robust
                     z_final_score | Coefficient  std. err.      t    P>|t|     [95% conf. interval]
-----------------------------------+----------------------------------------------------------------
                  treatment4groups |
                                2  |   .0918031   .0557397     1.65   0.101    -.0180689    .2016751
                                3  |   .0357891   .0589806     0.61   0.545    -.0804713    .1520496
                                4  |   .1713175   .0838572     2.04   0.042     .0060212    .3366138
                                   |
                 avg_pctrank_3bins |
                                2  |   -.179268   .0502754    -3.57   0.000    -.2783691   -.0801669
                                3  |  -.0555798   .0682137    -0.81   0.416    -.1900401    .0788805
                                   |
treatment4groups#avg_pctrank_3bins |
                              2 2  |  -.0260661   .0585045    -0.45   0.656     -.141388    .0892559
                              2 3  |  -.0708589   .0603018    -1.18   0.241    -.1897237    .0480058
                              3 2  |  -.0308481   .0591322    -0.52   0.602    -.1474073    .0857112
                              3 3  |  -.0412987   .0641175    -0.64   0.520    -.1676848    .0850873
                              4 2  |  -.0552155   .0647739    -0.85   0.395    -.1828956    .0724645
                              4 3  |  -.0634212   .0821621    -0.77   0.441    -.2253762    .0985338
                                   |
                        zmathbase2 |   .4015278    .018794    21.36   0.000     .3644817    .4385739
                        zmathbase1 |   .3545248   .0208312    17.02   0.000     .3134631    .3955866
                                   |
                          countyid |
                              104  |   .1258084   .1024377     1.23   0.221     -.076113    .3277299
                              105  |  -.1141191   .0802466    -1.42   0.156    -.2722983    .0440602
                              106  |  -.1386013   .0994323    -1.39   0.165    -.3345987    .0573962
                              107  |   .2179332   .1409876     1.55   0.124    -.0599764    .4958427
                              108  |  -.0011044   .0723105    -0.02   0.988    -.1436402    .1414315
                              109  |  -.0892939   .0798518    -1.12   0.265    -.2466949     .068107
                              110  |   .1588088   .1134717     1.40   0.163    -.0648625    .3824801
                              111  |   .0667831   .2125713     0.31   0.754    -.3522298    .4857959
                              201  |  -.2310523   .0786039    -2.94   0.004    -.3859934   -.0761112
                              202  |  -.3326697   .0749969    -4.44   0.000    -.4805009   -.1848386
                              203  |  -.4719612   .0786307    -6.00   0.000    -.6269552   -.3169671
                              204  |  -.3689794   .0751682    -4.91   0.000    -.5171482   -.2208106
                              205  |  -.1582141   .1818276    -0.87   0.385    -.5166261    .2001979
                              206  |  -.4924781    .076967    -6.40   0.000    -.6441927   -.3407634
                              207  |  -.2405496   .1010554    -2.38   0.018    -.4397463   -.0413529
                                   |
                             _cons |    .276192    .064876     4.26   0.000     .1483108    .4040731
----------------------------------------------------------------------------------------------------
(est3 stored)

. t6_contrasts avg_pctrank_3bins                                                                                                          

added scalar:
          e(levels_mb) =  -.026

added scalar:
       e(levels_mb_se) =  .059

added scalar:
          e(levels_tb) =  -.071

added scalar:
       e(levels_tb_se) =  .06

added scalar:
           e(gains_mb) =  -.031

added scalar:
        e(gains_mb_se) =  .059

added scalar:
           e(gains_tb) =  -.041

added scalar:
        e(gains_tb_se) =  .064

added scalar:
             e(pfp_mb) =  -.055

added scalar:
          e(pfp_mb_se) =  .065

added scalar:
             e(pfp_tb) =  -.063

added scalar:
          e(pfp_tb_se) =  .082

.                 lincom  2.treatment4groups#3.avg_pctrank_3bins - 2.treatment4groups#2.avg_pctrank_3bins

 ( 1)  - 2.treatment4groups#2.avg_pctrank_3bins + 2.treatment4groups#3.avg_pctrank_3bins = 0

------------------------------------------------------------------------------
z_final_sc~e | Coefficient  Std. err.      t    P>|t|     [95% conf. interval]
-------------+----------------------------------------------------------------
         (1) |  -.0447929   .0616663    -0.73   0.468    -.1663472    .0767615
------------------------------------------------------------------------------

.                 estadd scalar levels_tm = round(`r(estimate)',0.001)

added scalar:
          e(levels_tm) =  -.045

.                 estadd scalar levels_tm_se = round(`r(se)',0.001)

added scalar:
       e(levels_tm_se) =  .062

.                         local t = `r(estimate)'/`r(se)'

.                         estadd scalar levels_tm_p = round(2*ttail(e(df_r),abs(`t')),0.001)

added scalar:
        e(levels_tm_p) =  .468

.                                                                                                                 
.                 lincom  3.treatment4groups#3.avg_pctrank_3bins - 3.treatment4groups#2.avg_pctrank_3bins

 ( 1)  - 3.treatment4groups#2.avg_pctrank_3bins + 3.treatment4groups#3.avg_pctrank_3bins = 0

------------------------------------------------------------------------------
z_final_sc~e | Coefficient  Std. err.      t    P>|t|     [95% conf. interval]
-------------+----------------------------------------------------------------
         (1) |  -.0104507   .0633306    -0.17   0.869    -.1352857    .1143843
------------------------------------------------------------------------------

.                 estadd scalar gains_tm = round(`r(estimate)',0.001)

added scalar:
           e(gains_tm) =  -.01

.                 estadd scalar gains_tm_se = round(`r(se)',0.001)

added scalar:
        e(gains_tm_se) =  .063

.                         local t = `r(estimate)'/`r(se)'

.                         estadd scalar gains_tm_p = round(2*ttail(e(df_r),abs(`t')),0.001)

added scalar:
         e(gains_tm_p) =  .869

.                                                                                                                 
.                 lincom  4.treatment4groups#3.avg_pctrank_3bins - 4.treatment4groups#2.avg_pctrank_3bins

 ( 1)  - 4.treatment4groups#2.avg_pctrank_3bins + 4.treatment4groups#3.avg_pctrank_3bins = 0

------------------------------------------------------------------------------
z_final_sc~e | Coefficient  Std. err.      t    P>|t|     [95% conf. interval]
-------------+----------------------------------------------------------------
         (1) |  -.0082057   .0719899    -0.11   0.909    -.1501095    .1336981
------------------------------------------------------------------------------

.                 estadd scalar pfp_tm = round(`r(estimate)',0.001)

added scalar:
             e(pfp_tm) =  -.008

.                 estadd scalar pfp_tm_se = round(`r(se)',0.001)

added scalar:
          e(pfp_tm_se) =  .072

.                         local t = `r(estimate)'/`r(se)'

.                         estadd scalar pfp_tm_p = round(2*ttail(e(df_r),abs(`t')),0.001)

added scalar:
           e(pfp_tm_p) =  .909

. 
. esttab using "`outdir'/AppTable5.tex", replace ///
>     b(3) se(3) star(* 0.10 ** 0.05 *** 0.01) ///
>     stats(N levels_tm gains_tm pfp_tm, labels("Observations" "Levels Incentive" "Gains Incentive" "Pay-for-Percentile")) ///
>     drop(*countyid*) ///
>     label booktabs ///
>     title("Within-Class Distributional Effects (Full Regressions)") ///
>     addnotes("Standard errors clustered at school level. * p<0.10, ** p<0.05, *** p<0.01.")
(file E:\One Drive\OneDrive - connect.hku.hk\Desktop\test/output/replication/AppTable5.tex not found)
(output written to E:\One Drive\OneDrive - connect.hku.hk\Desktop\test/output/replication/AppTable5.tex)

. 
. esttab using "`outdir'/Table6.tex", replace booktabs cells(none) nonumbers ///
>        mtitles("Teacher VA perception" "Teacher ranking" "Baseline exam rank") ///
>        stats(levels_mb levels_mb_se levels_tb levels_tb_se levels_tm levels_tm_se ///
>              gains_mb gains_mb_se gains_tb gains_tb_se gains_tm gains_tm_se ///
>              pfp_mb pfp_mb_se pfp_tb pfp_tb_se pfp_tm pfp_tm_se, fmt(3) ///
>            labels("Levels: middle - bottom" "(s.e.)" "Levels: top - bottom" "(s.e.)" ///
>                   "Levels: top - middle" "(s.e.)" ///
>                   "Gains: middle - bottom" "(s.e.)" "Gains: top - bottom" "(s.e.)" ///
>                   "Gains: top - middle" "(s.e.)" ///
>                   "P4P: middle - bottom" "(s.e.)" "P4P: top - bottom" "(s.e.)" ///
>                   "P4P: top - middle" "(s.e.)"))
(file E:\One Drive\OneDrive - connect.hku.hk\Desktop\test/output/replication/Table6.tex not found)
(output written to E:\One Drive\OneDrive - connect.hku.hk\Desktop\test/output/replication/Table6.tex)

.                         
. * Second regression (Columns 2) - ADDITIONAL CONTROLS INCLUDED
. eststo clear

. 
. *Panel A: Teacher Perception of Own Value-Added for Student
. 
. eststo: reg z_final_score i.treatment4groups##i.va_tutor_norm_terc $base_covs $other_covs i.countyid ,vce(cluster schid)

Linear regression                               Number of obs     =      2,217
                                                F(36, 207)        =      53.70
                                                Prob > F          =     0.0000
                                                R-squared         =     0.4600
                                                Root MSE          =     .76034

                                                       (Std. err. adjusted for 208 clusters in schid)
-----------------------------------------------------------------------------------------------------
                                    |               Robust
                      z_final_score | Coefficient  std. err.      t    P>|t|     [95% conf. interval]
------------------------------------+----------------------------------------------------------------
                   treatment4groups |
                                 2  |  -.1155177   .0927301    -1.25   0.214    -.2983342    .0672988
                                 3  |  -.1953589   .1137522    -1.72   0.087    -.4196203    .0289025
                                 4  |  -.0030835   .1192389    -0.03   0.979    -.2381619    .2319949
                                    |
                 va_tutor_norm_terc |
                                 2  |  -.0855172    .081987    -1.04   0.298    -.2471538    .0761194
                                 3  |  -.2402245   .1009546    -2.38   0.018    -.4392556   -.0411934
                                    |
treatment4groups#va_tutor_norm_terc |
                               2 2  |   .0741989   .1115855     0.66   0.507    -.1457908    .2941885
                               2 3  |   .2769899   .1265136     2.19   0.030     .0275696    .5264102
                               3 2  |    .154614   .1398464     1.11   0.270    -.1210919    .4303199
                               3 3  |    .360557   .1494932     2.41   0.017     .0658326    .6552815
                               4 2  |   .0683692   .1450023     0.47   0.638    -.2175015    .3542398
                               4 3  |    .073117    .163112     0.45   0.654    -.2484567    .3946907
                                    |
                         zmathbase1 |   .3049274    .023903    12.76   0.000     .2578029     .352052
                         zmathbase2 |    .358476   .0245932    14.58   0.000     .3099907    .4069612
                             female |  -.1319298   .0323891    -4.07   0.000    -.1957846   -.0680749
                             stuage |   -.085121   .0190902    -4.46   0.000    -.1227572   -.0474848
                         dad_jhs_yn |   .0372824   .0342339     1.09   0.277    -.0302093    .1047742
                         mom_jhs_yn |   .0580941   .0375024     1.55   0.123    -.0158416    .1320298
                                ses |   -.009211   .0159947    -0.58   0.565    -.0407445    .0223224
                         class_size |   .0021793   .0016485     1.32   0.188    -.0010707    .0054292
                 teacher_experience |   .0001363   .0028352     0.05   0.962    -.0054534    .0057259
                    teacher_basepay |  -.0000481   .0000357    -1.35   0.179    -.0001185    .0000223
                                    |
                           countyid |
                               104  |    .270735   .1295035     2.09   0.038     .0154201    .5260499
                               105  |   .0399429   .0742619     0.54   0.591    -.1064638    .1863496
                               106  |   .0009187    .125565     0.01   0.994    -.2466315     .248469
                               107  |   .1913773   .1573138     1.22   0.225    -.1187652    .5015199
                               108  |   .1718349   .1200882     1.43   0.154    -.0649179    .4085877
                               109  |    -.23153   .0976056    -2.37   0.019    -.4239584   -.0391015
                               110  |    .253828   .1636625     1.55   0.122    -.0688312    .5764871
                               111  |  -.1874396   .2070101    -0.91   0.366    -.5955581    .2206789
                               201  |  -.0751847   .1016547    -0.74   0.460    -.2755959    .1252265
                               202  |  -.3376754   .0890099    -3.79   0.000    -.5131575   -.1621933
                               203  |  -.4132231   .1028333    -4.02   0.000    -.6159581   -.2104882
                               204  |   -.349475   .0837005    -4.18   0.000    -.5144898   -.1844602
                               205  |  -.2149543    .110617    -1.94   0.053    -.4330347    .0031262
                               206  |  -.3628918   .1006765    -3.60   0.000    -.5613747    -.164409
                               207  |  -.1717092   .0955903    -1.80   0.074    -.3601644    .0167461
                                    |
                              _cons |   1.387035   .2737638     5.07   0.000     .8473119    1.926757
-----------------------------------------------------------------------------------------------------
(est1 stored)

. t6_contrasts va_tutor_norm_terc                                                                                                         

added scalar:
          e(levels_mb) =  .074

added scalar:
       e(levels_mb_se) =  .112

added scalar:
          e(levels_tb) =  .277

added scalar:
       e(levels_tb_se) =  .127

added scalar:
           e(gains_mb) =  .155

added scalar:
        e(gains_mb_se) =  .14

added scalar:
           e(gains_tb) =  .361

added scalar:
        e(gains_tb_se) =  .149

added scalar:
             e(pfp_mb) =  .068

added scalar:
          e(pfp_mb_se) =  .145

added scalar:
             e(pfp_tb) =  .073

added scalar:
          e(pfp_tb_se) =  .163

.                 lincom  2.treatment4groups#3.va_tutor_norm_terc - 2.treatment4groups#2.va_tutor_norm_terc

 ( 1)  - 2.treatment4groups#2.va_tutor_norm_terc + 2.treatment4groups#3.va_tutor_norm_terc = 0

------------------------------------------------------------------------------
z_final_sc~e | Coefficient  Std. err.      t    P>|t|     [95% conf. interval]
-------------+----------------------------------------------------------------
         (1) |    .202791   .1138145     1.78   0.076    -.0215931    .4271752
------------------------------------------------------------------------------

.                 estadd scalar levels_tm = round(`r(estimate)',0.001)

added scalar:
          e(levels_tm) =  .203

.                 estadd scalar levels_tm_se = round(`r(se)',0.001)

added scalar:
       e(levels_tm_se) =  .114

.                 local t = `r(estimate)'/`r(se)'

.                 estadd scalar levels_tm_p = round(2*ttail(e(df_r),abs(`t')),0.001)

added scalar:
        e(levels_tm_p) =  .076

.                                                                                                                 
.                 lincom  3.treatment4groups#3.va_tutor_norm_terc - 3.treatment4groups#2.va_tutor_norm_terc

 ( 1)  - 3.treatment4groups#2.va_tutor_norm_terc + 3.treatment4groups#3.va_tutor_norm_terc = 0

------------------------------------------------------------------------------
z_final_sc~e | Coefficient  Std. err.      t    P>|t|     [95% conf. interval]
-------------+----------------------------------------------------------------
         (1) |    .205943   .1188047     1.73   0.085    -.0282793    .4401654
------------------------------------------------------------------------------

.                 estadd scalar gains_tm = round(`r(estimate)',0.001)

added scalar:
           e(gains_tm) =  .206

.                 estadd scalar gains_tm_se = round(`r(se)',0.001)

added scalar:
        e(gains_tm_se) =  .119

.                         local t = `r(estimate)'/`r(se)'

.                         estadd scalar gains_tm_p = round(2*ttail(e(df_r),abs(`t')),0.001)

added scalar:
         e(gains_tm_p) =  .085

.                                                                                                                 
.                 lincom  4.treatment4groups#3.va_tutor_norm_terc - 4.treatment4groups#2.va_tutor_norm_terc

 ( 1)  - 4.treatment4groups#2.va_tutor_norm_terc + 4.treatment4groups#3.va_tutor_norm_terc = 0

------------------------------------------------------------------------------
z_final_sc~e | Coefficient  Std. err.      t    P>|t|     [95% conf. interval]
-------------+----------------------------------------------------------------
         (1) |   .0047478   .1247161     0.04   0.970    -.2411288    .2506245
------------------------------------------------------------------------------

.                 estadd scalar pfp_tm = round(`r(estimate)',0.001)

added scalar:
             e(pfp_tm) =  .005

.                 estadd scalar pfp_tm_se = round(`r(se)',0.001)

added scalar:
          e(pfp_tm_se) =  .125

.                         local t = `r(estimate)'/`r(se)'

.                         estadd scalar pfp_tm_p = round(2*ttail(e(df_r),abs(`t')),0.001)

added scalar:
           e(pfp_tm_p) =  .97

.                                                                                                 
. *Panel B: Teacher Ranking of Students at Baseline                                                                                               
. eststo: reg z_final_score  i.treatment4groups##i.pctrank_3bins $base_covs $other_covs i.countyid ,vce(cluster schid)

Linear regression                               Number of obs     =      2,392
                                                F(36, 211)        =      63.34
                                                Prob > F          =     0.0000
                                                R-squared         =     0.4706
                                                Root MSE          =     .75388

                                                  (Std. err. adjusted for 212 clusters in schid)
------------------------------------------------------------------------------------------------
                               |               Robust
                 z_final_score | Coefficient  std. err.      t    P>|t|     [95% conf. interval]
-------------------------------+----------------------------------------------------------------
              treatment4groups |
                            2  |   .0766277   .0840538     0.91   0.363    -.0890651    .2423205
                            3  |   .0037055   .0901465     0.04   0.967    -.1739975    .1814086
                            4  |   .1057012   .0920424     1.15   0.252    -.0757394    .2871417
                               |
                 pctrank_3bins |
                            2  |   .1366647   .0823697     1.66   0.099    -.0257084    .2990377
                            3  |   .4123436   .0807789     5.10   0.000     .2531065    .5715807
                               |
treatment4groups#pctrank_3bins |
                          2 2  |  -.0431877   .1018048    -0.42   0.672    -.2438726    .1574972
                          2 3  |  -.0610604   .1075379    -0.57   0.571    -.2730468    .1509259
                          3 2  |   .0576975   .1093181     0.53   0.598     -.157798     .273193
                          3 3  |   -.088245   .1131694    -0.78   0.436    -.3113326    .1348426
                          4 2  |  -.0249337   .1085989    -0.23   0.819    -.2390115    .1891441
                          4 3  |  -.0785134   .1135288    -0.69   0.490    -.3023094    .1452825
                               |
                    zmathbase1 |   .2695719   .0245799    10.97   0.000     .2211184    .3180255
                    zmathbase2 |   .3248521   .0250947    12.95   0.000     .2753838    .3743205
                        female |  -.1508215   .0324158    -4.65   0.000    -.2147219   -.0869212
                        stuage |  -.0920283   .0172396    -5.34   0.000    -.1260123   -.0580443
                    dad_jhs_yn |   .0128903   .0319242     0.40   0.687     -.050041    .0758216
                    mom_jhs_yn |   .0314522   .0367999     0.85   0.394    -.0410903    .1039947
                           ses |  -.0072761   .0156138    -0.47   0.642    -.0380552    .0235029
                    class_size |   .0028304   .0016135     1.75   0.081    -.0003502     .006011
            teacher_experience |   -.000058   .0028146    -0.02   0.984    -.0056063    .0054904
               teacher_basepay |  -.0000535   .0000361    -1.48   0.140    -.0001247    .0000176
                               |
                      countyid |
                          104  |   .2024209   .1282677     1.58   0.116    -.0504295    .4552713
                          105  |   .0477705    .079249     0.60   0.547    -.1084507    .2039917
                          106  |  -.0376851   .1273748    -0.30   0.768    -.2887752    .2134051
                          107  |   .1594288   .1573532     1.01   0.312    -.1507569    .4696144
                          108  |    .191213   .1349668     1.42   0.158    -.0748431     .457269
                          109  |  -.2375058   .0898997    -2.64   0.009    -.4147225   -.0602892
                          110  |   .1913598   .1562328     1.22   0.222    -.1166173    .4993369
                          111  |  -.0587022   .2170113    -0.27   0.787    -.4864902    .3690857
                          201  |  -.0665159   .0973901    -0.68   0.495    -.2584981    .1254663
                          202  |  -.3583786   .0893999    -4.01   0.000      -.53461   -.1821471
                          203  |  -.3625453   .1050895    -3.45   0.001    -.5697051   -.1553855
                          204  |  -.3760089   .0829509    -4.53   0.000    -.5395277   -.2124902
                          205  |   -.251735   .1050301    -2.40   0.017    -.4587777   -.0446923
                          206  |  -.3598459   .0986112    -3.65   0.000    -.5542351   -.1654566
                          207  |  -.1782208   .0902477    -1.97   0.050    -.3561234   -.0003183
                               |
                         _cons |   1.207394   .2557742     4.72   0.000     .7031934    1.711594
------------------------------------------------------------------------------------------------
(est2 stored)

. t6_contrasts pctrank_3bins                                                                                                              

added scalar:
          e(levels_mb) =  -.043

added scalar:
       e(levels_mb_se) =  .102

added scalar:
          e(levels_tb) =  -.061

added scalar:
       e(levels_tb_se) =  .108

added scalar:
           e(gains_mb) =  .058

added scalar:
        e(gains_mb_se) =  .109

added scalar:
           e(gains_tb) =  -.088

added scalar:
        e(gains_tb_se) =  .113

added scalar:
             e(pfp_mb) =  -.025

added scalar:
          e(pfp_mb_se) =  .109

added scalar:
             e(pfp_tb) =  -.079

added scalar:
          e(pfp_tb_se) =  .114

.                 lincom  2.treatment4groups#3.pctrank_3bins - 2.treatment4groups#2.pctrank_3bins

 ( 1)  - 2.treatment4groups#2.pctrank_3bins + 2.treatment4groups#3.pctrank_3bins = 0

------------------------------------------------------------------------------
z_final_sc~e | Coefficient  Std. err.      t    P>|t|     [95% conf. interval]
-------------+----------------------------------------------------------------
         (1) |  -.0178727   .1003724    -0.18   0.859    -.2157338    .1799884
------------------------------------------------------------------------------

.                 estadd scalar levels_tm = round(`r(estimate)',0.001)

added scalar:
          e(levels_tm) =  -.018

.                 estadd scalar levels_tm_se = round(`r(se)',0.001)

added scalar:
       e(levels_tm_se) =  .1

.                         local t = `r(estimate)'/`r(se)'

.                         estadd scalar levels_tm_p = round(2*ttail(e(df_r),abs(`t')),0.001)

added scalar:
        e(levels_tm_p) =  .859

.                                                                                                                 
.                 lincom  3.treatment4groups#3.pctrank_3bins - 3.treatment4groups#2.pctrank_3bins

 ( 1)  - 3.treatment4groups#2.pctrank_3bins + 3.treatment4groups#3.pctrank_3bins = 0

------------------------------------------------------------------------------
z_final_sc~e | Coefficient  Std. err.      t    P>|t|     [95% conf. interval]
-------------+----------------------------------------------------------------
         (1) |  -.1459425   .1127349    -1.29   0.197    -.3681735    .0762886
------------------------------------------------------------------------------

.                 estadd scalar gains_tm = round(`r(estimate)',0.001)

added scalar:
           e(gains_tm) =  -.146

.                 estadd scalar gains_tm_se = round(`r(se)',0.001)

added scalar:
        e(gains_tm_se) =  .113

.                         local t = `r(estimate)'/`r(se)'

.                         estadd scalar gains_tm_p = round(2*ttail(e(df_r),abs(`t')),0.001)

added scalar:
         e(gains_tm_p) =  .197

.                                                                                                                 
.                 lincom  4.treatment4groups#3.pctrank_3bins - 4.treatment4groups#2.pctrank_3bins

 ( 1)  - 4.treatment4groups#2.pctrank_3bins + 4.treatment4groups#3.pctrank_3bins = 0

------------------------------------------------------------------------------
z_final_sc~e | Coefficient  Std. err.      t    P>|t|     [95% conf. interval]
-------------+----------------------------------------------------------------
         (1) |  -.0535797   .1108982    -0.48   0.629    -.2721901    .1650307
------------------------------------------------------------------------------

.                 estadd scalar pfp_tm = round(`r(estimate)',0.001)

added scalar:
             e(pfp_tm) =  -.054

.                 estadd scalar pfp_tm_se = round(`r(se)',0.001)

added scalar:
          e(pfp_tm_se) =  .111

.                         local t = `r(estimate)'/`r(se)'

.                         estadd scalar pfp_tm_p = round(2*ttail(e(df_r),abs(`t')),0.001)

added scalar:
           e(pfp_tm_p) =  .629

.         
. *Panel C: Ranking of Students by Baseline Exam Score                                                                                            
. eststo: reg z_final_score  i.treatment4groups##i.avg_pctrank_3bins $base_covs $other_covs i.countyid ,vce(cluster schid)

Linear regression                               Number of obs     =      7,373
                                                F(36, 213)        =     149.50
                                                Prob > F          =     0.0000
                                                R-squared         =     0.4810
                                                Root MSE          =     .75329

                                                      (Std. err. adjusted for 214 clusters in schid)
----------------------------------------------------------------------------------------------------
                                   |               Robust
                     z_final_score | Coefficient  std. err.      t    P>|t|     [95% conf. interval]
-----------------------------------+----------------------------------------------------------------
                  treatment4groups |
                                2  |   .1125654   .0606721     1.86   0.065    -.0070294    .2321601
                                3  |   .0375958   .0596035     0.63   0.529    -.0798924     .155084
                                4  |   .1875505   .0831656     2.26   0.025     .0236175    .3514835
                                   |
                 avg_pctrank_3bins |
                                2  |  -.1681882   .0496119    -3.39   0.001    -.2659813    -.070395
                                3  |  -.0425508   .0672504    -0.63   0.528    -.1751122    .0900107
                                   |
treatment4groups#avg_pctrank_3bins |
                              2 2  |  -.0084228   .0600348    -0.14   0.889    -.1267612    .1099156
                              2 3  |  -.0677901   .0615741    -1.10   0.272    -.1891628    .0535826
                              3 2  |  -.0460735   .0604897    -0.76   0.447    -.1653086    .0731617
                              3 3  |  -.0601554   .0649553    -0.93   0.355     -.188193    .0678821
                              4 2  |  -.0474597   .0655696    -0.72   0.470    -.1767081    .0817886
                              4 3  |  -.0632117   .0826007    -0.77   0.445    -.2260313    .0996079
                                   |
                        zmathbase1 |   .3325799   .0214589    15.50   0.000      .290281    .3748789
                        zmathbase2 |   .3819976   .0185255    20.62   0.000     .3454808    .4185144
                            female |  -.1376868   .0188987    -7.29   0.000    -.1749393   -.1004344
                            stuage |  -.0994421   .0102246    -9.73   0.000    -.1195966   -.0792877
                        dad_jhs_yn |   .0486264   .0180055     2.70   0.007     .0131346    .0841181
                        mom_jhs_yn |   .0244489   .0205395     1.19   0.235    -.0160378    .0649356
                               ses |   .0022694   .0091759     0.25   0.805    -.0158178    .0203565
                        class_size |   .0032363    .001498     2.16   0.032     .0002836    .0061891
                teacher_experience |   -.000208   .0021973    -0.09   0.925    -.0045393    .0041233
                   teacher_basepay |  -.0000465   .0000285    -1.63   0.104    -.0001026    9.63e-06
                                   |
                          countyid |
                              104  |   .2334139   .0993002     2.35   0.020      .037677    .4291508
                              105  |  -.0499329   .0883413    -0.57   0.573    -.2240681    .1242022
                              106  |  -.0496409   .0972994    -0.51   0.610    -.2414339    .1421522
                              107  |   .2429321   .1191049     2.04   0.043     .0081567    .4777074
                              108  |   .1027315   .0835773     1.23   0.220     -.062013     .267476
                              109  |  -.0634185   .0832327    -0.76   0.447    -.2274838    .1006468
                              110  |   .2844998   .1156584     2.46   0.015     .0565182    .5124814
                              111  |   .1909081   .2210643     0.86   0.389    -.2448458     .626662
                              201  |  -.1442856   .0919837    -1.57   0.118    -.3256006    .0370294
                              202  |  -.3090102   .0753234    -4.10   0.000    -.4574851   -.1605354
                              203  |  -.3823232   .0858284    -4.45   0.000    -.5515051   -.2131413
                              204  |  -.2704163   .0777867    -3.48   0.001    -.4237467    -.117086
                              205  |  -.0910733   .1759331    -0.52   0.605    -.4378662    .2557196
                              206  |  -.3776288   .0868224    -4.35   0.000    -.5487701   -.2064875
                              207  |  -.1986403   .1022803    -1.94   0.053    -.4002515    .0029708
                                   |
                             _cons |   1.423256   .1833103     7.76   0.000     1.061921    1.784591
----------------------------------------------------------------------------------------------------
(est3 stored)

. t6_contrasts avg_pctrank_3bins                                                                                                          

added scalar:
          e(levels_mb) =  -.008

added scalar:
       e(levels_mb_se) =  .06

added scalar:
          e(levels_tb) =  -.068

added scalar:
       e(levels_tb_se) =  .062

added scalar:
           e(gains_mb) =  -.046

added scalar:
        e(gains_mb_se) =  .06

added scalar:
           e(gains_tb) =  -.06

added scalar:
        e(gains_tb_se) =  .065

added scalar:
             e(pfp_mb) =  -.047

added scalar:
          e(pfp_mb_se) =  .066

added scalar:
             e(pfp_tb) =  -.063

added scalar:
          e(pfp_tb_se) =  .083

.                 lincom  2.treatment4groups#3.avg_pctrank_3bins - 2.treatment4groups#2.avg_pctrank_3bins

 ( 1)  - 2.treatment4groups#2.avg_pctrank_3bins + 2.treatment4groups#3.avg_pctrank_3bins = 0

------------------------------------------------------------------------------
z_final_sc~e | Coefficient  Std. err.      t    P>|t|     [95% conf. interval]
-------------+----------------------------------------------------------------
         (1) |  -.0593673   .0614763    -0.97   0.335    -.1805471    .0618125
------------------------------------------------------------------------------

.                 estadd scalar levels_tm = round(`r(estimate)',0.001)

added scalar:
          e(levels_tm) =  -.059

.                 estadd scalar levels_tm_se = round(`r(se)',0.001)

added scalar:
       e(levels_tm_se) =  .061

.                         local t = `r(estimate)'/`r(se)'

.                         estadd scalar levels_tm_p = round(2*ttail(e(df_r),abs(`t')),0.001)

added scalar:
        e(levels_tm_p) =  .335

.                                                                                                                 
.                 lincom  3.treatment4groups#3.avg_pctrank_3bins - 3.treatment4groups#2.avg_pctrank_3bins

 ( 1)  - 3.treatment4groups#2.avg_pctrank_3bins + 3.treatment4groups#3.avg_pctrank_3bins = 0

------------------------------------------------------------------------------
z_final_sc~e | Coefficient  Std. err.      t    P>|t|     [95% conf. interval]
-------------+----------------------------------------------------------------
         (1) |   -.014082   .0625207    -0.23   0.822    -.1373205    .1091566
------------------------------------------------------------------------------

.                 estadd scalar gains_tm = round(`r(estimate)',0.001)

added scalar:
           e(gains_tm) =  -.014

.                 estadd scalar gains_tm_se = round(`r(se)',0.001)

added scalar:
        e(gains_tm_se) =  .063

.                         local t = `r(estimate)'/`r(se)'

.                         estadd scalar gains_tm_p = round(2*ttail(e(df_r),abs(`t')),0.001)

added scalar:
         e(gains_tm_p) =  .822

.                                                                                                                 
.                 lincom  4.treatment4groups#3.avg_pctrank_3bins - 4.treatment4groups#2.avg_pctrank_3bins

 ( 1)  - 4.treatment4groups#2.avg_pctrank_3bins + 4.treatment4groups#3.avg_pctrank_3bins = 0

------------------------------------------------------------------------------
z_final_sc~e | Coefficient  Std. err.      t    P>|t|     [95% conf. interval]
-------------+----------------------------------------------------------------
         (1) |   -.015752   .0714013    -0.22   0.826    -.1564956    .1249916
------------------------------------------------------------------------------

.                 estadd scalar pfp_tm = round(`r(estimate)',0.001)

added scalar:
             e(pfp_tm) =  -.016

.                 estadd scalar pfp_tm_se = round(`r(se)',0.001)

added scalar:
          e(pfp_tm_se) =  .071

.                         local t = `r(estimate)'/`r(se)'

.                         estadd scalar pfp_tm_p = round(2*ttail(e(df_r),abs(`t')),0.001)

added scalar:
           e(pfp_tm_p) =  .826

. 
. esttab using "`outdir'/AppTable5_even.tex", replace ///
>     b(3) se(3) star(* 0.10 ** 0.05 *** 0.01) ///
>     stats(N levels_tm gains_tm pfp_tm, labels("Observations" "Levels Incentive" "Gains Incentive" "Pay-for-Percentile")) ///
>     drop(*countyid*) ///
>     label booktabs ///
>     title("Within-Class Distributional Effects (Full Regressions)") ///
>     addnotes("Standard errors clustered at school level. * p<0.10, ** p<0.05, *** p<0.01.")
(file E:\One Drive\OneDrive - connect.hku.hk\Desktop\test/output/replication/AppTable5_even.tex not found)
(output written to E:\One Drive\OneDrive - connect.hku.hk\Desktop\test/output/replication/AppTable5_even.tex)

. 
. 
. esttab using "`outdir'/Table6_controls.tex", replace booktabs cells(none) nonumbers ///
>        mtitles("Teacher VA perception" "Teacher ranking" "Baseline exam rank") ///
>        stats(levels_mb levels_mb_se levels_tb levels_tb_se levels_tm levels_tm_se ///
>              gains_mb gains_mb_se gains_tb gains_tb_se gains_tm gains_tm_se ///
>              pfp_mb pfp_mb_se pfp_tb pfp_tb_se pfp_tm pfp_tm_se, fmt(3) ///
>            labels("Levels: middle - bottom" "(s.e.)" "Levels: top - bottom" "(s.e.)" ///
>                   "Levels: top - middle" "(s.e.)" ///
>                   "Gains: middle - bottom" "(s.e.)" "Gains: top - bottom" "(s.e.)" ///
>                   "Gains: top - middle" "(s.e.)" ///
>                   "P4P: middle - bottom" "(s.e.)" "P4P: top - bottom" "(s.e.)" ///
>                   "P4P: top - middle" "(s.e.)"))
(file E:\One Drive\OneDrive - connect.hku.hk\Desktop\test/output/replication/Table6_controls.tex not found)
(output written to E:\One Drive\OneDrive - connect.hku.hk\Desktop\test/output/replication/Table6_controls.tex)

. 
. 
. 
. /*---------------------------------------------------------------------------------*/
. 
. /*---------------------------------------------------------------------------------*/
. /*APPENDIX TABLE 1: Descriptive Statistics and Balance Check*/
. eststo clear

. 
.         foreach var of varlist $base_covs female stuage dad_jhs_yn mom_jhs_yn ses {
  2.         eststo: reg `var' $inc_design i.countyid, vce(cluster schid)
  3.                 su `var' if e(sample)==1 & control==1
  4.                         estadd scalar mean = `r(mean)'
  5.                 testparm $inc_design
  6.                 estadd scalar eqtest = `r(p)'
  7.         }

Linear regression                               Number of obs     =      7,996
                                                F(18, 215)        =       5.02
                                                Prob > F          =     0.0000
                                                R-squared         =     0.0557
                                                Root MSE          =     .98571

                                (Std. err. adjusted for 216 clusters in schid)
------------------------------------------------------------------------------
             |               Robust
  zmathbase1 | Coefficient  std. err.      t    P>|t|     [95% conf. interval]
-------------+----------------------------------------------------------------
      levels |  -.0446933   .0835352    -0.54   0.593    -.2093461    .1199594
       gains |  -.0146983   .0819399    -0.18   0.858    -.1762066      .14681
         p4p |   -.093591    .092593    -1.01   0.313    -.2760972    .0889152
             |
    countyid |
        104  |  -.0823443   .1219435    -0.68   0.500    -.3227022    .1580136
        105  |  -.5532482    .118035    -4.69   0.000    -.7859022   -.3205942
        106  |  -.2117122   .1248989    -1.70   0.092    -.4578952    .0344709
        107  |  -.2521184   .1784197    -1.41   0.159    -.6037942    .0995574
        108  |   .0213992   .2004724     0.11   0.915    -.3737437    .4165421
        109  |  -.2163317   .1620195    -1.34   0.183    -.5356817    .1030182
        110  |  -.3822409     .17073    -2.24   0.026    -.7187598    -.045722
        111  |  -.5481983   .2165974    -2.53   0.012    -.9751245    -.121272
        201  |   -.080661   .1178592    -0.68   0.494    -.3129685    .1516465
        202  |  -.4719363   .1009376    -4.68   0.000    -.6708903   -.2729822
        203  |  -.0660594   .1394472    -0.47   0.636    -.3409181    .2087994
        204  |  -.6003766   .1246229    -4.82   0.000    -.8460157   -.3547375
        205  |  -.4554545   .1332298    -3.42   0.001    -.7180584   -.1928506
        206  |  -.2707884   .0890482    -3.04   0.003    -.4463077   -.0952692
        207  |   .2160044   .0986953     2.19   0.030     .0214702    .4105387
             |
       _cons |   .2814682   .0822719     3.42   0.001     .1193053     .443631
------------------------------------------------------------------------------
(est1 stored)

    Variable |        Obs        Mean    Std. dev.       Min        Max
-------------+---------------------------------------------------------
  zmathbase1 |      2,029    3.94e-09           1  -2.702646   2.025307

added scalar:
               e(mean) =  3.936e-09

 ( 1)  levels = 0
 ( 2)  gains = 0
 ( 3)  p4p = 0

       F(  3,   215) =    0.42
            Prob > F =    0.7393

added scalar:
             e(eqtest) =  .73930638

Linear regression                               Number of obs     =      8,136
                                                F(18, 215)        =       4.52
                                                Prob > F          =     0.0000
                                                R-squared         =     0.0580
                                                Root MSE          =     .99783

                                (Std. err. adjusted for 216 clusters in schid)
------------------------------------------------------------------------------
             |               Robust
  zmathbase2 | Coefficient  std. err.      t    P>|t|     [95% conf. interval]
-------------+----------------------------------------------------------------
      levels |  -.0051771   .0822987    -0.06   0.950    -.1673926    .1570384
       gains |   .0282918   .0907651     0.31   0.756    -.1506115    .2071951
         p4p |    -.03816   .0883733    -0.43   0.666    -.2123491    .1360291
             |
    countyid |
        104  |  -.0564759   .1463612    -0.39   0.700    -.3449624    .2320106
        105  |  -.3806222   .1229239    -3.10   0.002    -.6229125   -.1383319
        106  |   .0197363   .1226524     0.16   0.872    -.2220188    .2614913
        107  |  -.2282356   .1333847    -1.71   0.089    -.4911446    .0346735
        108  |  -.1405655   .1226486    -1.15   0.253    -.3823131    .1011821
        109  |  -.1338859   .1555952    -0.86   0.390    -.4405733    .1728015
        110  |  -.2290179    .205866    -1.11   0.267    -.6347919    .1767561
        111  |  -.3633364    .148163    -2.45   0.015    -.6553745   -.0712983
        201  |  -.2421678   .1234528    -1.96   0.051    -.4855007     .001165
        202  |  -.5092243   .1054484    -4.83   0.000    -.7170693   -.3013793
        203  |  -.1620629   .1364476    -1.19   0.236    -.4310091    .1068833
        204  |  -.7108727   .1519279    -4.68   0.000    -1.010332   -.4114138
        205  |  -.5687228   .1265478    -4.49   0.000     -.818156   -.3192896
        206  |  -.4969714   .1455099    -3.42   0.001    -.7837801   -.2101627
        207  |   .0705912   .1509171     0.47   0.640    -.2268753    .3680577
             |
       _cons |   .3176315   .1035546     3.07   0.002     .1135192    .5217437
------------------------------------------------------------------------------
(est2 stored)

    Variable |        Obs        Mean    Std. dev.       Min        Max
-------------+---------------------------------------------------------
  zmathbase2 |      2,085    2.27e-09           1    -3.2098   1.851137

added scalar:
               e(mean) =  2.274e-09

 ( 1)  levels = 0
 ( 2)  gains = 0
 ( 3)  p4p = 0

       F(  3,   215) =    0.20
            Prob > F =    0.8939

added scalar:
             e(eqtest) =  .89386853

Linear regression                               Number of obs     =      7,996
                                                F(18, 215)        =       3.04
                                                Prob > F          =     0.0001
                                                R-squared         =     0.0048
                                                Root MSE          =     .49926

                                (Std. err. adjusted for 216 clusters in schid)
------------------------------------------------------------------------------
             |               Robust
      female | Coefficient  std. err.      t    P>|t|     [95% conf. interval]
-------------+----------------------------------------------------------------
      levels |   -.010256   .0169601    -0.60   0.546    -.0436853    .0231733
       gains |  -.0019393   .0150825    -0.13   0.898    -.0316678    .0277892
         p4p |  -.0105764    .017973    -0.59   0.557    -.0460022    .0248495
             |
    countyid |
        104  |   .0673142   .0286166     2.35   0.020     .0109092    .1237192
        105  |   .0570676    .031954     1.79   0.076    -.0059157    .1200508
        106  |   .0673279    .025599     2.63   0.009     .0168707    .1177851
        107  |    .031125   .0258087     1.21   0.229    -.0197455    .0819954
        108  |   .0541081   .0490797     1.10   0.271    -.0426308     .150847
        109  |  -.0494448   .0288668    -1.71   0.088     -.106343    .0074534
        110  |   .1238168   .0402937     3.07   0.002     .0443956     .203238
        111  |    .070045    .046502     1.51   0.133    -.0216132    .1617032
        201  |   .0662888   .0217122     3.05   0.003     .0234928    .1090849
        202  |   .0597249   .0229704     2.60   0.010     .0144488    .1050009
        203  |   .1022314   .0205426     4.98   0.000     .0617408    .1427221
        204  |   .0671356   .0240123     2.80   0.006      .019806    .1144653
        205  |    .080721   .0333872     2.42   0.016     .0149129    .1465292
        206  |   .0500164   .0235966     2.12   0.035     .0035061    .0965268
        207  |   .0873608   .0255662     3.42   0.001     .0369684    .1377532
             |
       _cons |   .4358201   .0155105    28.10   0.000     .4052479    .4663923
------------------------------------------------------------------------------
(est3 stored)

    Variable |        Obs        Mean    Std. dev.       Min        Max
-------------+---------------------------------------------------------
      female |      2,029    .4923608    .5000649          0          1

added scalar:
               e(mean) =  .49236077

 ( 1)  levels = 0
 ( 2)  gains = 0
 ( 3)  p4p = 0

       F(  3,   215) =    0.20
            Prob > F =    0.8935

added scalar:
             e(eqtest) =  .89345337

Linear regression                               Number of obs     =      7,992
                                                F(18, 215)        =      11.05
                                                Prob > F          =     0.0000
                                                R-squared         =     0.1065
                                                Root MSE          =     .97784

                                (Std. err. adjusted for 216 clusters in schid)
------------------------------------------------------------------------------
             |               Robust
      stuage | Coefficient  std. err.      t    P>|t|     [95% conf. interval]
-------------+----------------------------------------------------------------
      levels |   .0883904   .0627139     1.41   0.160    -.0352225    .2120032
       gains |   .1368156   .0661871     2.07   0.040      .006357    .2672743
         p4p |   .0823822   .0718472     1.15   0.253    -.0592329    .2239974
             |
    countyid |
        104  |    .212784   .1213995     1.75   0.081    -.0265016    .4520695
        105  |  -.0520621   .0769215    -0.68   0.499     -.203679    .0995548
        106  |   .4247946   .1099068     3.87   0.000     .2081617    .6414274
        107  |  -.1387637    .076723    -1.81   0.072    -.2899893    .0124618
        108  |    .238397   .0736876     3.24   0.001     .0931543    .3836397
        109  |  -.0456158   .1044146    -0.44   0.663    -.2514231    .1601915
        110  |   .0492243    .105238     0.47   0.640     -.158206    .2566547
        111  |    .245503   .0951288     2.58   0.011     .0579984    .4330076
        201  |   .7252488   .1139132     6.37   0.000     .5007192    .9497785
        202  |   .2053413   .0787572     2.61   0.010     .0501063    .3605764
        203  |    .321823   .0950004     3.39   0.001     .1345716    .5090743
        204  |   .9486945   .1030671     9.20   0.000     .7455432    1.151846
        205  |   .2825629   .0929072     3.04   0.003     .0994374    .4656884
        206  |   .6941714   .1297975     5.35   0.000     .4383329    .9500099
        207  |   .1842777   .1097731     1.68   0.095    -.0320915    .4006469
             |
       _cons |   11.61417   .0678302   171.22   0.000     11.48047    11.74787
------------------------------------------------------------------------------
(est4 stored)

    Variable |        Obs        Mean    Std. dev.       Min        Max
-------------+---------------------------------------------------------
      stuage |      2,028    11.98619    1.012408          9         19

added scalar:
               e(mean) =  11.986193

 ( 1)  levels = 0
 ( 2)  gains = 0
 ( 3)  p4p = 0

       F(  3,   215) =    1.46
            Prob > F =    0.2251

added scalar:
             e(eqtest) =  .22513122

Linear regression                               Number of obs     =      7,965
                                                F(18, 215)        =       5.34
                                                Prob > F          =     0.0000
                                                R-squared         =     0.0238
                                                Root MSE          =     .49374

                                (Std. err. adjusted for 216 clusters in schid)
------------------------------------------------------------------------------
             |               Robust
  dad_jhs_yn | Coefficient  std. err.      t    P>|t|     [95% conf. interval]
-------------+----------------------------------------------------------------
      levels |   .0053827   .0243837     0.22   0.825     -.042679    .0534445
       gains |   .0282295    .025707     1.10   0.273    -.0224405    .0788995
         p4p |   .0048557   .0262279     0.19   0.853    -.0468411    .0565525
             |
    countyid |
        104  |  -.1207793   .0340657    -3.55   0.000    -.1879248   -.0536338
        105  |  -.1327366    .027667    -4.80   0.000    -.1872699   -.0782033
        106  |   -.059314   .0336914    -1.76   0.080    -.1257216    .0070937
        107  |  -.0102751   .0393273    -0.26   0.794    -.0877914    .0672413
        108  |  -.1236134   .0427158    -2.89   0.004    -.2078088   -.0394181
        109  |  -.0974262   .0560065    -1.74   0.083    -.2078183    .0129659
        110  |  -.1257908   .0509533    -2.47   0.014    -.2262228   -.0253587
        111  |   -.143933   .0295661    -4.87   0.000    -.2022094   -.0856566
        201  |    .004611   .0365279     0.13   0.900    -.0673878    .0766097
        202  |    .043132   .0271348     1.59   0.113    -.0103523    .0966164
        203  |  -.0792663   .0402448    -1.97   0.050    -.1585911    .0000586
        204  |  -.1245279   .0332417    -3.75   0.000    -.1900493   -.0590064
        205  |  -.1418863   .0497042    -2.85   0.005    -.2398562   -.0439164
        206  |  -.0206042   .0312393    -0.66   0.510    -.0821787    .0409704
        207  |   .1228659   .0524874     2.34   0.020     .0194102    .2263216
             |
       _cons |   .5666618   .0219139    25.86   0.000     .5234683    .6098553
------------------------------------------------------------------------------
(est5 stored)

    Variable |        Obs        Mean    Std. dev.       Min        Max
-------------+---------------------------------------------------------
  dad_jhs_yn |      2,022     .516815    .4998408          0          1

added scalar:
               e(mean) =  .51681503

 ( 1)  levels = 0
 ( 2)  gains = 0
 ( 3)  p4p = 0

       F(  3,   215) =    0.49
            Prob > F =    0.6863

added scalar:
             e(eqtest) =  .68628949

Linear regression                               Number of obs     =      7,929
                                                F(18, 215)        =       5.56
                                                Prob > F          =     0.0000
                                                R-squared         =     0.0300
                                                Root MSE          =     .46584

                                (Std. err. adjusted for 216 clusters in schid)
------------------------------------------------------------------------------
             |               Robust
  mom_jhs_yn | Coefficient  std. err.      t    P>|t|     [95% conf. interval]
-------------+----------------------------------------------------------------
      levels |   .0103736   .0256714     0.40   0.687    -.0402262    .0609734
       gains |   .0193928   .0260391     0.74   0.457    -.0319318    .0707174
         p4p |   .0113297   .0258262     0.44   0.661    -.0395753    .0622346
             |
    countyid |
        104  |  -.0880745   .0333932    -2.64   0.009    -.1538945   -.0222546
        105  |  -.1348732   .0302699    -4.46   0.000     -.194537   -.0752095
        106  |  -.0012694   .0416507    -0.03   0.976    -.0833655    .0808266
        107  |   .1059876   .0360734     2.94   0.004     .0348848    .1770905
        108  |  -.0549949   .0473635    -1.16   0.247    -.1483511    .0383613
        109  |   .0103737   .0331144     0.31   0.754    -.0548966    .0756441
        110  |  -.0580923   .0405227    -1.43   0.153     -.137965    .0217804
        111  |    .014757     .08872     0.17   0.868    -.1601153    .1896293
        201  |  -.0169926   .0495708    -0.34   0.732    -.1146996    .0807143
        202  |  -.0364025   .0358277    -1.02   0.311    -.1070211    .0342161
        203  |   -.136154   .0380986    -3.57   0.000    -.2112486   -.0610594
        204  |  -.1230641   .0396172    -3.11   0.002     -.201152   -.0449761
        205  |  -.1488721   .0355968    -4.18   0.000    -.2190354   -.0787087
        206  |  -.0614785   .0356826    -1.72   0.086     -.131811     .008854
        207  |   .1606969   .0614737     2.61   0.010     .0395286    .2818652
             |
       _cons |   .3678956   .0263596    13.96   0.000     .3159392     .419852
------------------------------------------------------------------------------
(est6 stored)

    Variable |        Obs        Mean    Std. dev.       Min        Max
-------------+---------------------------------------------------------
  mom_jhs_yn |      2,019    .3120357    .4634391          0          1

added scalar:
               e(mean) =  .31203566

 ( 1)  levels = 0
 ( 2)  gains = 0
 ( 3)  p4p = 0

       F(  3,   215) =    0.19
            Prob > F =    0.9002

added scalar:
             e(eqtest) =  .90015825

Linear regression                               Number of obs     =      7,996
                                                F(18, 215)        =      16.45
                                                Prob > F          =     0.0000
                                                R-squared         =     0.0900
                                                Root MSE          =     .97693

                                (Std. err. adjusted for 216 clusters in schid)
------------------------------------------------------------------------------
             |               Robust
         ses | Coefficient  std. err.      t    P>|t|     [95% conf. interval]
-------------+----------------------------------------------------------------
      levels |   .0250359   .0457101     0.55   0.584    -.0650614    .1151332
       gains |    .013839   .0477958     0.29   0.772    -.0803694    .1080473
         p4p |   .0407231   .0503833     0.81   0.420    -.0585854    .1400316
             |
    countyid |
        104  |  -.2585297   .1198944    -2.16   0.032    -.4948485   -.0222108
        105  |   -.449274   .1287736    -3.49   0.001    -.7030945   -.1954536
        106  |  -.3685848   .1081278    -3.41   0.001    -.5817112   -.1554585
        107  |  -.5359211   .1444526    -3.71   0.000    -.8206457   -.2511965
        108  |  -.4615457    .107636    -4.29   0.000    -.6737025   -.2493888
        109  |  -.7621039   .1245201    -6.12   0.000     -1.00754   -.5166674
        110  |   -.655151   .1137592    -5.76   0.000    -.8793772   -.4309248
        111  |  -.8946537    .134207    -6.67   0.000    -1.159184   -.6301238
        201  |  -.7848555    .094197    -8.33   0.000    -.9705232   -.5991877
        202  |  -.9304139   .0935016    -9.95   0.000    -1.114711   -.7461167
        203  |  -1.018387   .0986251   -10.33   0.000    -1.212783    -.823991
        204  |  -.9976188   .0970147   -10.28   0.000     -1.18884   -.8063971
        205  |    -.87036   .0942341    -9.24   0.000    -1.056101    -.684619
        206  |  -.9218189   .1108138    -8.32   0.000    -1.140239   -.7033983
        207  |  -.5802836   .1124351    -5.16   0.000    -.8018998   -.3586674
             |
       _cons |    .062886   .0822692     0.76   0.445    -.0992714    .2250434
------------------------------------------------------------------------------
(est7 stored)

    Variable |        Obs        Mean    Std. dev.       Min        Max
-------------+---------------------------------------------------------
         ses |      2,029   -.6356598     .999226  -2.167915   3.727893

added scalar:
               e(mean) =  -.63565977

 ( 1)  levels = 0
 ( 2)  gains = 0
 ( 3)  p4p = 0

       F(  3,   215) =    0.25
            Prob > F =    0.8648

added scalar:
             e(eqtest) =  .86477173

. 
.         
.         foreach var of varlist t_age t_female t_han teacher_experience teacher_basepay{
  2.         eststo:  reg `var' $inc_design i.countyid if tone==1, vce(cluster schid)
  3.                 su `var' if e(sample)==1 & control==1 & tone==1
  4.                         estadd scalar mean = `r(mean)'
  5.                 testparm $inc_design 
  6.                 estadd scalar eqtest = `r(p)'
  7.         }

Linear regression                               Number of obs     =        243
                                                F(18, 213)        =       7.87
                                                Prob > F          =     0.0000
                                                R-squared         =     0.2281
                                                Root MSE          =     7.9545

                                (Std. err. adjusted for 214 clusters in schid)
------------------------------------------------------------------------------
             |               Robust
       t_age | Coefficient  std. err.      t    P>|t|     [95% conf. interval]
-------------+----------------------------------------------------------------
      levels |   1.065115   1.632706     0.65   0.515    -2.153216    4.283447
       gains |  -.1419315   1.650487    -0.09   0.932    -3.395312    3.111449
         p4p |   .1462101   1.491903     0.10   0.922    -2.794575    3.086995
             |
    countyid |
        104  |   3.535714   1.561039     2.26   0.025     .4586506    6.612778
        105  |   4.075252   1.493944     2.73   0.007     1.130444    7.020061
        106  |   1.190846   1.379407     0.86   0.389    -1.528191    3.909884
        107  |    7.66316   2.466459     3.11   0.002     2.801364    12.52496
        108  |   4.546765   2.048951     2.22   0.028     .5079478    8.585583
        109  |   17.50886    3.45891     5.06   0.000     10.69078    24.32694
        110  |   12.11672   3.756954     3.23   0.001     4.711151     19.5223
        111  |    10.6748   1.309135     8.15   0.000     8.094283    13.25532
        201  |   5.298727    2.15683     2.46   0.015     1.047261    9.550193
        202  |   5.479102   2.057354     2.66   0.008      1.42372    9.534484
        203  |   4.621851    2.71296     1.70   0.090    -.7258371     9.96954
        204  |   13.87598   2.621209     5.29   0.000     8.709145    19.04281
        205  |   6.244433   2.560984     2.44   0.016     1.196314    11.29255
        206  |   6.451878   2.538157     2.54   0.012     1.448755      11.455
        207  |   3.961936   1.863764     2.13   0.035     .2881522     7.63572
             |
       _cons |   27.05207   1.323271    20.44   0.000     24.44368    29.66045
------------------------------------------------------------------------------
(est8 stored)

    Variable |        Obs        Mean    Std. dev.       Min        Max
-------------+---------------------------------------------------------
       t_age |         57    32.62116    8.484079   22.66667   57.83333

added scalar:
               e(mean) =  32.621164

 ( 1)  levels = 0
 ( 2)  gains = 0
 ( 3)  p4p = 0

       F(  3,   213) =    0.25
            Prob > F =    0.8626

added scalar:
             e(eqtest) =  .86261247

Linear regression                               Number of obs     =        243
                                                F(18, 213)        =       1.86
                                                Prob > F          =     0.0203
                                                R-squared         =     0.1097
                                                Root MSE          =     .48625

                                (Std. err. adjusted for 214 clusters in schid)
------------------------------------------------------------------------------
             |               Robust
    t_female | Coefficient  std. err.      t    P>|t|     [95% conf. interval]
-------------+----------------------------------------------------------------
      levels |  -.0122783   .0903394    -0.14   0.892    -.1903522    .1657955
       gains |   .1039761   .0893574     1.16   0.246     -.072162    .2801141
         p4p |  -.0210823   .0917395    -0.23   0.818    -.2019159    .1597513
             |
    countyid |
        104  |  -.5714286   .1664678    -3.43   0.001    -.8995639   -.2432933
        105  |  -.2917809    .145366    -2.01   0.046     -.578321   -.0052408
        106  |  -.1572158   .1850716    -0.85   0.397    -.5220222    .2075906
        107  |  -.4528951   .1886691    -2.40   0.017    -.8247929   -.0809973
        108  |  -.1310065   .2263373    -0.58   0.563    -.5771543    .3151414
        109  |  -.4521048   .1991782    -2.27   0.024    -.8447176    -.059492
        110  |  -.4656141   .1957152    -2.38   0.018    -.8514009   -.0798273
        111  |  -.4622934   .3234664    -1.43   0.154    -1.099899    .1753119
        201  |  -.2550406   .1500229    -1.70   0.091    -.5507604    .0406791
        202  |   -.415109   .1585042    -2.62   0.009    -.7275467   -.1026713
        203  |  -.4563871   .1604469    -2.84   0.005    -.7726543   -.1401199
        204  |  -.5186198    .153664    -3.38   0.001    -.8215167   -.2157228
        205  |  -.5841031   .1724386    -3.39   0.001    -.9240079   -.2441984
        206  |  -.5178655   .1594553    -3.25   0.001     -.832178    -.203553
        207  |  -.1694888   .1695367    -1.00   0.319    -.5036734    .1646957
             |
       _cons |   .7720883   .1232604     6.26   0.000     .5291218    1.015055
------------------------------------------------------------------------------
(est9 stored)

    Variable |        Obs        Mean    Std. dev.       Min        Max
-------------+---------------------------------------------------------
    t_female |         57    .4210526    .4981168          0          1

added scalar:
               e(mean) =  .42105263

 ( 1)  levels = 0
 ( 2)  gains = 0
 ( 3)  p4p = 0

       F(  3,   213) =    0.92
            Prob > F =    0.4297

added scalar:
             e(eqtest) =  .42971667

Linear regression                               Number of obs     =        243
                                                F(18, 213)        =       2.13
                                                Prob > F          =     0.0061
                                                R-squared         =     0.3670
                                                Root MSE          =     .19309

                                (Std. err. adjusted for 214 clusters in schid)
------------------------------------------------------------------------------
             |               Robust
       t_han | Coefficient  std. err.      t    P>|t|     [95% conf. interval]
-------------+----------------------------------------------------------------
      levels |   .0115108   .0311959     0.37   0.713    -.0499814    .0730031
       gains |  -.0555657   .0397218    -1.40   0.163     -.133864    .0227325
         p4p |  -.0024414   .0304929    -0.08   0.936    -.0625479    .0576651
             |
    countyid |
        104  |  -5.56e-16   .0095562    -0.00   1.000    -.0188369    .0188369
        105  |  -.0769779   .0446118    -1.73   0.086     -.164915    .0109593
        106  |   .0046358   .0109892     0.42   0.674    -.0170256    .0262973
        107  |   .0018931   .0117936     0.16   0.873     -.021354    .0251402
        108  |   .0072794   .0143133     0.51   0.612    -.0209345    .0354932
        109  |   .0004659   .0110411     0.04   0.966    -.0212979    .0222297
        110  |   .0035394   .0151637     0.23   0.816    -.0263508    .0334296
        111  |   .0053609   .0204493     0.26   0.793    -.0349481    .0456699
        201  |  -.0422284   .0394878    -1.07   0.286    -.1200652    .0356085
        202  |   .0009049   .0096468     0.09   0.925    -.0181106    .0199204
        203  |   -.108824   .0561341    -1.94   0.054    -.2194735    .0018255
        204  |   .0025429   .0096427     0.26   0.792    -.0164645    .0215503
        205  |  -.7005945    .148562    -4.72   0.000    -.9934345   -.4077544
        206  |   .0075892   .0135702     0.56   0.577    -.0191598    .0343382
        207  |  -.0779141    .079836    -0.98   0.330    -.2352839    .0794557
             |
       _cons |   1.010138   .0205361    49.19   0.000     .9696579    1.050618
------------------------------------------------------------------------------
(est10 stored)

    Variable |        Obs        Mean    Std. dev.       Min        Max
-------------+---------------------------------------------------------
       t_han |         57    .9473684    .2252818          0          1

added scalar:
               e(mean) =  .94736842

 ( 1)  levels = 0
 ( 2)  gains = 0
 ( 3)  p4p = 0

       F(  3,   213) =    1.20
            Prob > F =    0.3110

added scalar:
             e(eqtest) =  .31097465

Linear regression                               Number of obs     =        243
                                                F(18, 213)        =       7.32
                                                Prob > F          =     0.0000
                                                R-squared         =     0.2208
                                                Root MSE          =     9.1418

                                (Std. err. adjusted for 214 clusters in schid)
------------------------------------------------------------------------------
             |               Robust
teacher_ex~e | Coefficient  std. err.      t    P>|t|     [95% conf. interval]
-------------+----------------------------------------------------------------
      levels |   1.250158   1.758388     0.71   0.478    -2.215914     4.71623
       gains |    .077037   1.899391     0.04   0.968    -3.666973    3.821047
         p4p |  -.5827233   1.637175    -0.36   0.722    -3.809864    2.644417
             |
    countyid |
        104  |   3.228571   2.023605     1.60   0.112    -.7602848    7.217428
        105  |   3.448395   1.828147     1.89   0.061    -.1551835    7.051973
        106  |   2.557105   1.825335     1.40   0.163    -1.040929    6.155139
        107  |   10.33248   2.711373     3.81   0.000      4.98792    15.67704
        108  |   5.040014   2.202265     2.29   0.023     .6989876     9.38104
        109  |   17.02912   4.515358     3.77   0.000      8.12861    25.92963
        110  |   11.94659    4.17733     2.86   0.005     3.712385    20.18079
        111  |   13.04832    1.64665     7.92   0.000     9.802504    16.29414
        201  |   5.812972    2.15307     2.70   0.007     1.568919    10.05702
        202  |   6.538157   2.470768     2.65   0.009     1.667867    11.40845
        203  |   3.846038   3.024926     1.27   0.205    -2.116588    9.808663
        204  |   16.28662   3.277313     4.97   0.000       9.8265    22.74674
        205  |   6.105856   3.225966     1.89   0.060    -.2530524    12.46476
        206  |   6.727177   3.016263     2.23   0.027     .7816283    12.67273
        207  |   3.938708   2.131669     1.85   0.066      -.26316    8.140576
             |
       _cons |   5.703522   1.604251     3.56   0.000     2.541281    8.865763
------------------------------------------------------------------------------
(est11 stored)

    Variable |        Obs        Mean    Std. dev.       Min        Max
-------------+---------------------------------------------------------
teacher_ex~e |         57    11.60526    9.412538         .5         38

added scalar:
               e(mean) =  11.605263

 ( 1)  levels = 0
 ( 2)  gains = 0
 ( 3)  p4p = 0

       F(  3,   213) =    0.43
            Prob > F =    0.7344

added scalar:
             e(eqtest) =  .73438057

Linear regression                               Number of obs     =        243
                                                F(18, 213)        =       5.43
                                                Prob > F          =     0.0000
                                                R-squared         =     0.1593
                                                Root MSE          =     863.88

                                (Std. err. adjusted for 214 clusters in schid)
------------------------------------------------------------------------------
             |               Robust
teacher_ba~y | Coefficient  std. err.      t    P>|t|     [95% conf. interval]
-------------+----------------------------------------------------------------
      levels |   281.6479    148.743     1.89   0.060    -11.54889    574.8448
       gains |  -138.9536   184.5426    -0.75   0.452    -502.7172    224.8101
         p4p |   167.1025    167.329     1.00   0.319    -162.7304    496.9353
             |
    countyid |
        104  |   787.7143   406.2079     1.94   0.054      -12.988    1588.417
        105  |   225.5114   415.2396     0.54   0.588    -592.9939    1044.017
        106  |   324.1305   477.1593     0.68   0.498    -616.4286     1264.69
        107  |   342.2713   543.7227     0.63   0.530    -729.4953    1414.038
        108  |   338.4633   497.6138     0.68   0.497    -642.4151    1319.342
        109  |   1017.244   458.2055     2.22   0.027     114.0454    1920.442
        110  |   1066.117   562.5505     1.90   0.059    -42.76208    2174.996
        111  |   1020.389   553.0805     1.84   0.066    -69.82372    2110.601
        201  |   -97.4718   401.9748    -0.24   0.809    -889.8299    694.8863
        202  |   192.8073    396.346     0.49   0.627    -588.4555    974.0702
        203  |  -15.48819   412.9652    -0.04   0.970    -829.5103    798.5339
        204  |   205.0127   430.8658     0.48   0.635    -644.2945     1054.32
        205  |   521.0243   398.3986     1.31   0.192    -264.2845    1306.333
        206  |   224.2937   390.7011     0.57   0.567    -545.8422    994.4297
        207  |  -140.9705   387.8782    -0.36   0.717     -905.542    623.6009
             |
       _cons |   2609.679   376.7351     6.93   0.000     1867.072    3352.286
------------------------------------------------------------------------------
(est12 stored)

    Variable |        Obs        Mean    Std. dev.       Min        Max
-------------+---------------------------------------------------------
teacher_ba~y |         57    2852.772    882.3006          0       4500

added scalar:
               e(mean) =  2852.7719

 ( 1)  levels = 0
 ( 2)  gains = 0
 ( 3)  p4p = 0

       F(  3,   213) =    3.05
            Prob > F =    0.0294

added scalar:
             e(eqtest) =  .02944029

.         
.         foreach var of varlist grade_size sch_num_students sch_num_teachers sch_num_daike {
  2.                 eststo:  reg `var' $inc_design i.countyid if schone==1, robust
  3.                 su `var' if e(sample)==1 & control==1 & schone==1
  4.                         estadd scalar mean = `r(mean)'
  5.                 testparm $inc_design 
  6.                 estadd scalar eqtest = `r(p)'
  7.         }

Linear regression                               Number of obs     =        216
                                                F(18, 197)        =       6.37
                                                Prob > F          =     0.0000
                                                R-squared         =     0.2037
                                                Root MSE          =      15.08

------------------------------------------------------------------------------
             |               Robust
  grade_size | Coefficient  std. err.      t    P>|t|     [95% conf. interval]
-------------+----------------------------------------------------------------
      levels |  -.2182493   2.894207    -0.08   0.940    -5.925854    5.489355
       gains |   2.693205   2.950766     0.91   0.363    -3.125939    8.512349
         p4p |  -2.905966   2.739744    -1.06   0.290    -8.308959    2.497026
             |
    countyid |
        104  |   -10.9471   4.602066    -2.38   0.018    -20.02274    -1.87146
        105  |   3.648777   5.816976     0.63   0.531     -7.82276    15.12031
        106  |  -10.86028   4.800773    -2.26   0.025    -20.32778   -1.392776
        107  |  -12.97111   5.490627    -2.36   0.019    -23.79906   -2.143154
        108  |  -12.62434   9.665791    -1.31   0.193    -31.68605    6.437363
        109  |  -11.63393    6.69576    -1.74   0.084     -24.8385    1.570639
        110  |   -23.4669   5.857626    -4.01   0.000     -35.0186    -11.9152
        111  |  -18.54719   4.006559    -4.63   0.000    -26.44844   -10.64593
        201  |  -1.100077   4.978723    -0.22   0.825    -10.91851    8.718359
        202  |   2.252443   5.047602     0.45   0.656    -7.701828    12.20671
        203  |  -7.314458   4.510576    -1.62   0.106    -16.20967    1.580754
        204  |  -4.123884   4.316426    -0.96   0.341    -12.63622    4.388449
        205  |  -7.744679   5.299694    -1.46   0.146    -18.19609    2.706735
        206  |  -7.423722   4.874467    -1.52   0.129    -17.03656    2.189112
        207  |    -5.0665   4.768153    -1.06   0.289    -14.46967    4.336675
             |
       _cons |   47.73164   4.034837    11.83   0.000     39.77462    55.68865
------------------------------------------------------------------------------
(est13 stored)

    Variable |        Obs        Mean    Std. dev.       Min        Max
-------------+---------------------------------------------------------
  grade_size |         52    43.34615    13.25746         11         70

added scalar:
               e(mean) =  43.346154

 ( 1)  levels = 0
 ( 2)  gains = 0
 ( 3)  p4p = 0

       F(  3,   197) =    1.17
            Prob > F =    0.3233

added scalar:
             e(eqtest) =  .32331864

Linear regression                               Number of obs     =        216
                                                F(18, 197)        =       2.82
                                                Prob > F          =     0.0002
                                                R-squared         =     0.1033
                                                Root MSE          =      290.2

------------------------------------------------------------------------------
             |               Robust
sch_num_st~s | Coefficient  std. err.      t    P>|t|     [95% conf. interval]
-------------+----------------------------------------------------------------
      levels |  -57.51666    59.8913    -0.96   0.338     -175.627     60.5937
       gains |  -33.36888    60.4599    -0.55   0.582    -152.6006    85.86281
         p4p |  -43.71065   65.53511    -0.67   0.506    -172.9511    85.52977
             |
    countyid |
        104  |  -194.1389   116.6507    -1.66   0.098    -424.1833    35.90545
        105  |  -151.9078   118.2635    -1.28   0.200    -385.1327    81.31717
        106  |  -9.004305   136.4303    -0.07   0.947    -278.0556    260.0469
        107  |  -202.5948   135.3413    -1.50   0.136    -469.4986    64.30897
        108  |   -312.975   131.7523    -2.38   0.018     -572.801   -53.14893
        109  |   -127.775     147.08    -0.87   0.386    -417.8284    162.2784
        110  |  -262.2576    119.832    -2.19   0.030    -498.5758   -25.93931
        111  |   -335.263   112.5208    -2.98   0.003    -557.1628   -113.3631
        201  |   11.94637   193.7446     0.06   0.951    -370.1333     394.026
        202  |  -192.2318   115.6298    -1.66   0.098     -420.263    35.79931
        203  |  -224.7332    113.404    -1.98   0.049    -448.3748    -1.09151
        204  |  -179.5219   116.6395    -1.54   0.125    -409.5442    50.50044
        205  |  -237.3674   117.2438    -2.02   0.044    -468.5814   -6.153387
        206  |  -94.82771   130.1214    -0.73   0.467    -351.4373    161.7819
        207  |  -72.42984   138.7017    -0.52   0.602    -345.9605    201.1008
             |
       _cons |   575.2543   113.2317     5.08   0.000     351.9525     798.556
------------------------------------------------------------------------------
(est14 stored)

    Variable |        Obs        Mean    Std. dev.       Min        Max
-------------+---------------------------------------------------------
sch_num_st~s |         52    437.8269    394.2355         54       2818

added scalar:
               e(mean) =  437.82692

 ( 1)  levels = 0
 ( 2)  gains = 0
 ( 3)  p4p = 0

       F(  3,   197) =    0.32
            Prob > F =    0.8124

added scalar:
             e(eqtest) =  .81243291

Linear regression                               Number of obs     =        216
                                                F(18, 197)        =       3.35
                                                Prob > F          =     0.0000
                                                R-squared         =     0.2412
                                                Root MSE          =     19.388

------------------------------------------------------------------------------
             |               Robust
sch_num_te~s | Coefficient  std. err.      t    P>|t|     [95% conf. interval]
-------------+----------------------------------------------------------------
      levels |  -1.267922   4.068573    -0.31   0.756    -9.291468    6.755625
       gains |  -3.310112   3.617891    -0.91   0.361    -10.44488    3.824655
         p4p |  -.4227188   4.150069    -0.10   0.919    -8.606983    7.761546
             |
    countyid |
        104  |  -7.295785   7.061107    -1.03   0.303    -21.22085    6.629277
        105  |  -6.452454     6.4184    -1.01   0.316    -19.11005    6.205138
        106  |   24.14694   11.05071     2.19   0.030     2.354069     45.9398
        107  |   .6870399   8.468113     0.08   0.935    -16.01275    17.38683
        108  |  -13.64211   7.969026    -1.71   0.088    -29.35766    2.073439
        109  |  -6.485494    8.43561    -0.77   0.443    -23.12118     10.1502
        110  |   -7.17429   6.755443    -1.06   0.290    -20.49656    6.147977
        111  |   -9.26999   6.352585    -1.46   0.146    -21.79779    3.257811
        201  |  -8.544725   9.540915    -0.90   0.372    -27.36016    10.27071
        202  |  -16.85608   6.304936    -2.67   0.008    -29.28991   -4.422246
        203  |   -16.1198    6.13644    -2.63   0.009    -28.22135   -4.018257
        204  |  -18.43085   6.108437    -3.02   0.003    -30.47717    -6.38453
        205  |   -16.0553   6.858839    -2.34   0.020    -29.58148   -2.529131
        206  |   1.045888   11.29947     0.09   0.926    -21.23757    23.32934
        207  |  -1.687468   10.04255    -0.17   0.867    -21.49217    18.11724
             |
       _cons |   37.09771   6.494097     5.71   0.000     24.29083    49.90458
------------------------------------------------------------------------------
(est15 stored)

    Variable |        Obs        Mean    Std. dev.       Min        Max
-------------+---------------------------------------------------------
sch_num_te~s |         52       29.75    22.45507          9        131

added scalar:
               e(mean) =  29.75

 ( 1)  levels = 0
 ( 2)  gains = 0
 ( 3)  p4p = 0

       F(  3,   197) =    0.39
            Prob > F =    0.7612

added scalar:
             e(eqtest) =  .76124558

Linear regression                               Number of obs     =        216
                                                F(18, 197)        =      11.35
                                                Prob > F          =     0.0000
                                                R-squared         =     0.2422
                                                Root MSE          =      2.608

------------------------------------------------------------------------------
             |               Robust
sch_num_da~e | Coefficient  std. err.      t    P>|t|     [95% conf. interval]
-------------+----------------------------------------------------------------
      levels |    .330304   .6208515     0.53   0.595    -.8940642    1.554672
       gains |  -.0249699   .3963458    -0.06   0.950    -.8065953    .7566554
         p4p |   .0892362   .4215387     0.21   0.833    -.7420713    .9205438
             |
    countyid |
        104  |  -.2122256   .6402271    -0.33   0.741    -1.474804    1.050353
        105  |   .4011736   .7179714     0.56   0.577    -1.014723     1.81707
        106  |  -1.743693   .5602075    -3.11   0.002    -2.848466   -.6389194
        107  |   2.704754    1.04544     2.59   0.010     .6430639    4.766444
        108  |  -1.395908   .6219293    -2.24   0.026    -2.622401   -.1694139
        109  |  -.0030778   .7616391    -0.00   0.997     -1.50509    1.498935
        110  |   3.129067   1.305041     2.40   0.017     .5554229    5.702712
        111  |  -.2451682   .7552241    -0.32   0.746     -1.73453    1.244193
        201  |   1.512095   .9911804     1.53   0.129    -.4425906    3.466782
        202  |  -1.007165   .6370243    -1.58   0.115    -2.263427    .2490974
        203  |  -.5119825   .6558124    -0.78   0.436    -1.805296    .7813315
        204  |   .4569227   .6401288     0.71   0.476    -.8054618    1.719307
        205  |  -1.700323   .5758787    -2.95   0.004    -2.836001   -.5646446
        206  |   2.520461   2.368063     1.06   0.288    -2.149545    7.190468
        207  |  -1.453733   .6094944    -2.39   0.018    -2.655704   -.2517615
             |
       _cons |   1.652768   .6660237     2.48   0.014     .3393168    2.966219
------------------------------------------------------------------------------
(est16 stored)

    Variable |        Obs        Mean    Std. dev.       Min        Max
-------------+---------------------------------------------------------
sch_num_da~e |         52    1.692308    2.421622          0         12

added scalar:
               e(mean) =  1.6923077

 ( 1)  levels = 0
 ( 2)  gains = 0
 ( 3)  p4p = 0

       F(  3,   197) =    0.13
            Prob > F =    0.9407

added scalar:
             e(eqtest) =  .9407155

.         
. esttab using "`outdir'/AppTable1.csv", label b(3) se(3)  star(* 0.10 ** 0.05 *** 0.01) keep($inc_design) ///
>                                 nogap wide replace nonote nolabel ///
>                                 scalar("mean Mean in Control" "eqtest Joint Test P-value") 
(file E:\One Drive\OneDrive - connect.hku.hk\Desktop\test/output/replication/AppTable1.csv not found)
(output written to E:\One Drive\OneDrive - connect.hku.hk\Desktop\test/output/replication/AppTable1.csv)

. 
. eststo clear

.         foreach var of varlist $base_covs female stuage dad_jhs_yn mom_jhs_yn ses {
  2.         eststo: reg `var' $inc_size i.countyid, vce(cluster schid)
  3.                 testparm $inc_size
  4.                 estadd scalar eqtest = `r(p)'
  5.         }

Linear regression                               Number of obs     =      7,996
                                                F(17, 215)        =       5.27
                                                Prob > F          =     0.0000
                                                R-squared         =     0.0550
                                                Root MSE          =     .98601

                                (Std. err. adjusted for 216 clusters in schid)
------------------------------------------------------------------------------
             |               Robust
  zmathbase1 | Coefficient  std. err.      t    P>|t|     [95% conf. interval]
-------------+----------------------------------------------------------------
       small |  -.0400558   .0792503    -0.51   0.614    -.1962628    .1161512
         big |  -.0605741   .0800911    -0.76   0.450    -.2184383    .0972901
             |
    countyid |
        104  |  -.0816658    .122795    -0.67   0.507     -.323702    .1603703
        105  |  -.5491032   .1168456    -4.70   0.000    -.7794128   -.3187937
        106  |  -.2128002   .1248126    -1.70   0.090    -.4588133    .0332129
        107  |  -.2535181    .178093    -1.42   0.156    -.6045499    .0975138
        108  |   .0245931   .1918875     0.13   0.898    -.3536285    .4028147
        109  |  -.2143988   .1660814    -1.29   0.198    -.5417549    .1129574
        110  |  -.3710477   .1702814    -2.18   0.030    -.7066823    -.035413
        111  |  -.5305579   .2218902    -2.39   0.018    -.9679167   -.0931992
        201  |   -.085046   .1202324    -0.71   0.480    -.3220312    .1519393
        202  |   -.470816   .1018393    -4.62   0.000    -.6715472   -.2700849
        203  |  -.0539963     .14001    -0.39   0.700    -.3299644    .2219718
        204  |  -.5973887   .1245506    -4.80   0.000    -.8428853    -.351892
        205  |  -.4569077   .1375142    -3.32   0.001    -.7279563    -.185859
        206  |  -.2630122   .0922978    -2.85   0.005    -.4449366   -.0810878
        207  |   .2178339   .1043691     2.09   0.038     .0121162    .4235515
             |
       _cons |   .2797189    .083503     3.35   0.001     .1151296    .4443082
------------------------------------------------------------------------------
(est1 stored)

 ( 1)  small = 0
 ( 2)  big = 0

       F(  2,   215) =    0.29
            Prob > F =    0.7515

added scalar:
             e(eqtest) =  .75145056

Linear regression                               Number of obs     =      8,136
                                                F(17, 215)        =       4.36
                                                Prob > F          =     0.0000
                                                R-squared         =     0.0578
                                                Root MSE          =     .99791

                                (Std. err. adjusted for 216 clusters in schid)
------------------------------------------------------------------------------
             |               Robust
  zmathbase2 | Coefficient  std. err.      t    P>|t|     [95% conf. interval]
-------------+----------------------------------------------------------------
       small |   .0147772   .0804494     0.18   0.854    -.1437933    .1733477
         big |  -.0234324    .081372    -0.29   0.774    -.1838215    .1369567
             |
    countyid |
        104  |  -.0532026   .1489683    -0.36   0.721    -.3468279    .2404227
        105  |  -.3732772   .1214833    -3.07   0.002     -.612728   -.1338263
        106  |    .020419   .1230778     0.17   0.868    -.2221746    .2630125
        107  |   -.228653    .133863    -1.71   0.089     -.492505    .0351989
        108  |  -.1380906   .1271539    -1.09   0.279    -.3887185    .1125374
        109  |  -.1351475   .1592648    -0.85   0.397    -.4490679    .1787728
        110  |  -.2180623   .2027597    -1.08   0.283    -.6177138    .1815891
        111  |  -.3419931   .1515449    -2.26   0.025    -.6406971    -.043289
        201  |  -.2468348   .1246541    -1.98   0.049    -.4925353   -.0011343
        202  |  -.5077598   .1060665    -4.79   0.000    -.7168232   -.2986964
        203  |  -.1523285   .1371921    -1.11   0.268    -.4227423    .1180853
        204  |  -.7068902    .152665    -4.63   0.000    -1.007802   -.4059785
        205  |  -.5702337   .1277257    -4.46   0.000    -.8219885   -.3184789
        206  |  -.4892626   .1417863    -3.45   0.001    -.7687317   -.2097934
        207  |   .0724908   .1551884     0.47   0.641    -.2333947    .3783762
             |
       _cons |   .3155118   .1042585     3.03   0.003     .1100122    .5210115
------------------------------------------------------------------------------
(est2 stored)

 ( 1)  small = 0
 ( 2)  big = 0

       F(  2,   215) =    0.16
            Prob > F =    0.8483

added scalar:
             e(eqtest) =  .84828661

Linear regression                               Number of obs     =      7,996
                                                F(17, 215)        =       3.11
                                                Prob > F          =     0.0001
                                                R-squared         =     0.0047
                                                Root MSE          =     .49923

                                (Std. err. adjusted for 216 clusters in schid)
------------------------------------------------------------------------------
             |               Robust
      female | Coefficient  std. err.      t    P>|t|     [95% conf. interval]
-------------+----------------------------------------------------------------
       small |  -.0052777   .0147498    -0.36   0.721    -.0343504    .0237949
         big |  -.0096588   .0151346    -0.64   0.524    -.0394899    .0201723
             |
    countyid |
        104  |   .0679484   .0281372     2.41   0.017     .0124882    .1234085
        105  |    .058062   .0316483     1.83   0.068    -.0043187    .1204427
        106  |   .0674502   .0255605     2.64   0.009     .0170689    .1178315
        107  |    .031101   .0259896     1.20   0.233     -.020126     .082328
        108  |   .0547263   .0502863     1.09   0.278    -.0443911    .1538436
        109  |  -.0493367   .0286696    -1.72   0.087    -.1058463    .0071729
        110  |   .1249524   .0408213     3.06   0.002     .0444912    .2054135
        111  |   .0729705   .0480642     1.52   0.130     -.021767    .1677079
        201  |   .0655555   .0222043     2.95   0.004     .0217895    .1093214
        202  |   .0599367   .0229015     2.62   0.009     .0147965    .1050769
        203  |   .1031154   .0205343     5.02   0.000     .0626412    .1435897
        204  |   .0677411   .0241168     2.81   0.005     .0202055    .1152767
        205  |   .0808975    .034002     2.38   0.018     .0138775    .1479175
        206  |   .0508233   .0236986     2.14   0.033     .0041119    .0975347
        207  |   .0875641   .0252183     3.47   0.001     .0378574    .1372707
             |
       _cons |   .4355333   .0156363    27.85   0.000     .4047133    .4663533
------------------------------------------------------------------------------
(est3 stored)

 ( 1)  small = 0
 ( 2)  big = 0

       F(  2,   215) =    0.20
            Prob > F =    0.8159

added scalar:
             e(eqtest) =  .8158503

Linear regression                               Number of obs     =      7,992
                                                F(17, 215)        =      11.58
                                                Prob > F          =     0.0000
                                                R-squared         =     0.1061
                                                Root MSE          =     .97801

                                (Std. err. adjusted for 216 clusters in schid)
------------------------------------------------------------------------------
             |               Robust
      stuage | Coefficient  std. err.      t    P>|t|     [95% conf. interval]
-------------+----------------------------------------------------------------
       small |   .1038304   .0617271     1.68   0.094    -.0178373    .2254982
         big |   .1030109   .0614622     1.68   0.095    -.0181347    .2241564
             |
    countyid |
        104  |   .2145422   .1227004     1.75   0.082    -.0273076     .456392
        105  |  -.0491875   .0782947    -0.63   0.531    -.2035111    .1051361
        106  |     .42452   .1109724     3.83   0.000     .2057869    .6432531
        107  |  -.1390597   .0790845    -1.76   0.080      -.29494    .0168206
        108  |   .2445893   .0751356     3.26   0.001     .0964927     .392686
        109  |  -.0404029   .1012756    -0.40   0.690    -.2400231    .1592172
        110  |   .0546982   .1055587     0.52   0.605    -.1533643    .2627607
        111  |   .2572588   .0980143     2.62   0.009     .0640668    .4504507
        201  |   .7225538   .1146998     6.30   0.000     .4964737    .9486338
        202  |   .2067497   .0815754     2.53   0.012     .0459598    .3675395
        203  |   .3282507   .0940761     3.49   0.001     .1428211    .5136802
        204  |   .9517977   .1062714     8.96   0.000     .7423305    1.161265
        205  |   .2858924   .0921941     3.10   0.002     .1041723    .4676125
        206  |   .6988919   .1289335     5.42   0.000     .4447565    .9530274
        207  |   .1858063   .1097089     1.69   0.092    -.0304364    .4020489
             |
       _cons |   11.61224   .0693087   167.54   0.000     11.47563    11.74885
------------------------------------------------------------------------------
(est4 stored)

 ( 1)  small = 0
 ( 2)  big = 0

       F(  2,   215) =    1.75
            Prob > F =    0.1761

added scalar:
             e(eqtest) =  .17607672

Linear regression                               Number of obs     =      7,965
                                                F(17, 215)        =       5.47
                                                Prob > F          =     0.0000
                                                R-squared         =     0.0235
                                                Root MSE          =     .49377

                                (Std. err. adjusted for 216 clusters in schid)
------------------------------------------------------------------------------
             |               Robust
  dad_jhs_yn | Coefficient  std. err.      t    P>|t|     [95% conf. interval]
-------------+----------------------------------------------------------------
       small |   .0074287   .0230502     0.32   0.748    -.0380046    .0528619
         big |   .0192124   .0234947     0.82   0.414    -.0270972    .0655219
             |
    countyid |
        104  |  -.1206261   .0334423    -3.61   0.000    -.1865428   -.0547094
        105  |  -.1327353   .0270426    -4.91   0.000    -.1860379   -.0794327
        106  |  -.0598043   .0346924    -1.72   0.086    -.1281851    .0085765
        107  |  -.0103454   .0372734    -0.28   0.782    -.0838134    .0631227
        108  |  -.1195488   .0432431    -2.76   0.006    -.2047835    -.034314
        109  |  -.0930085   .0591454    -1.57   0.117    -.2095875    .0235706
        110  |  -.1241429      .0526    -2.36   0.019    -.2278205   -.0204653
        111  |  -.1413937   .0294018    -4.81   0.000    -.1993464    -.083441
        201  |   .0041986    .036509     0.12   0.909    -.0677629      .07616
        202  |   .0438611   .0269526     1.63   0.105     -.009264    .0969862
        203  |  -.0764214   .0402119    -1.90   0.059    -.1556814    .0028387
        204  |  -.1233243   .0328796    -3.75   0.000    -.1881319   -.0585167
        205  |  -.1390289   .0497046    -2.80   0.006    -.2369996   -.0410583
        206  |  -.0188028    .031784    -0.59   0.555     -.081451    .0438453
        207  |   .1236494    .053273     2.32   0.021     .0186451    .2286537
             |
       _cons |   .5656834   .0220344    25.67   0.000     .5222524    .6091145
------------------------------------------------------------------------------
(est5 stored)

 ( 1)  small = 0
 ( 2)  big = 0

       F(  2,   215) =    0.36
            Prob > F =    0.7000

added scalar:
             e(eqtest) =  .69996593

Linear regression                               Number of obs     =      7,929
                                                F(17, 215)        =       5.62
                                                Prob > F          =     0.0000
                                                R-squared         =     0.0301
                                                Root MSE          =     .46578

                                (Std. err. adjusted for 216 clusters in schid)
------------------------------------------------------------------------------
             |               Robust
  mom_jhs_yn | Coefficient  std. err.      t    P>|t|     [95% conf. interval]
-------------+----------------------------------------------------------------
       small |   .0210039   .0235089     0.89   0.373    -.0253334    .0673413
         big |   .0065345    .023025     0.28   0.777    -.0388491    .0519181
             |
    countyid |
        104  |  -.0866272   .0341278    -2.54   0.012    -.1538951   -.0193593
        105  |  -.1326508   .0313202    -4.24   0.000    -.1943848   -.0709167
        106  |   -.000716   .0416464    -0.02   0.986    -.0828035    .0813715
        107  |   .1060168    .037461     2.83   0.005      .032179    .1798546
        108  |  -.0553519   .0462301    -1.20   0.233    -.1464742    .0357703
        109  |   .0087557   .0338978     0.26   0.796    -.0580589    .0755703
        110  |  -.0563399   .0407346    -1.38   0.168    -.1366302    .0239503
        111  |   .0200515   .0872977     0.23   0.819    -.1520174    .1921204
        201  |  -.0184514   .0499519    -0.37   0.712    -.1169096    .0800069
        202  |  -.0362428   .0364154    -1.00   0.321    -.1080198    .0355342
        203  |  -.1356454   .0372968    -3.64   0.000    -.2091597   -.0621312
        204  |  -.1222224   .0394893    -3.10   0.002    -.2000581   -.0443867
        205  |  -.1495974   .0372295    -4.02   0.000     -.222979   -.0762158
        206  |   -.060554   .0360888    -1.68   0.095    -.1316872    .0105792
        207  |   .1607688    .060966     2.64   0.009     .0406012    .2809365
             |
       _cons |   .3676768   .0266944    13.77   0.000     .3150607     .420293
------------------------------------------------------------------------------
(est6 stored)

 ( 1)  small = 0
 ( 2)  big = 0

       F(  2,   215) =    0.42
            Prob > F =    0.6604

added scalar:
             e(eqtest) =  .66044059

Linear regression                               Number of obs     =      7,996
                                                F(17, 215)        =      17.68
                                                Prob > F          =     0.0000
                                                R-squared         =     0.0905
                                                Root MSE          =     .97664

                                (Std. err. adjusted for 216 clusters in schid)
------------------------------------------------------------------------------
             |               Robust
         ses | Coefficient  std. err.      t    P>|t|     [95% conf. interval]
-------------+----------------------------------------------------------------
       small |  -.0005274   .0424633    -0.01   0.990     -.084225    .0831703
         big |   .0537044   .0422294     1.27   0.205    -.0295323    .1369411
             |
    countyid |
        104  |  -.2620825    .117608    -2.23   0.027    -.4938949   -.0302702
        105  |   -.456321   .1252545    -3.64   0.000    -.7032051   -.2094369
        106  |  -.3698547   .1084986    -3.41   0.001    -.5837117   -.1559976
        107  |  -.5355484   .1405776    -3.81   0.000    -.8126352   -.2584616
        108  |  -.4580047   .1098714    -4.17   0.000    -.6745677   -.2414416
        109  |  -.7544411   .1262417    -5.98   0.000    -1.003271   -.5056112
        110  |  -.6622204   .1102698    -6.01   0.000    -.8795686   -.4448722
        111  |  -.9118525   .1326833    -6.87   0.000    -1.173379   -.6503259
        201  |  -.7801306   .0954277    -8.18   0.000    -.9682243   -.5920369
        202  |  -.9305442   .0929009   -10.02   0.000    -1.113657   -.7474311
        203  |  -1.021461   .0987434   -10.34   0.000     -1.21609   -.8268318
        204  |  -.9996389   .0961303   -10.40   0.000    -1.189117   -.8101603
        205  |  -.8652967   .0930347    -9.30   0.000    -1.048674   -.6819198
        206  |  -.9252059    .106091    -8.72   0.000    -1.134318   -.7160942
        207  |  -.5804416   .1145177    -5.07   0.000    -.8061628   -.3547203
             |
       _cons |   .0631307   .0815442     0.77   0.440    -.0975978    .2238592
------------------------------------------------------------------------------
(est7 stored)

 ( 1)  small = 0
 ( 2)  big = 0

       F(  2,   215) =    1.06
            Prob > F =    0.3478

added scalar:
             e(eqtest) =  .34780703

. 
.         foreach var of varlist t_age t_female t_han teacher_experience teacher_basepay{
  2.         eststo:  reg `var' $inc_size i.countyid if tone==1, vce(cluster schid)
  3.                 testparm $inc_size 
  4.                 estadd scalar eqtest = `r(p)'
  5.         }

Linear regression                               Number of obs     =        243
                                                F(17, 213)        =       8.31
                                                Prob > F          =     0.0000
                                                R-squared         =     0.2292
                                                Root MSE          =      7.931

                                (Std. err. adjusted for 214 clusters in schid)
------------------------------------------------------------------------------
             |               Robust
       t_age | Coefficient  std. err.      t    P>|t|     [95% conf. interval]
-------------+----------------------------------------------------------------
       small |  -.2250953   1.366269    -0.16   0.869    -2.918236    2.468045
         big |   1.020564   1.578173     0.65   0.519    -2.090273    4.131401
             |
    countyid |
        104  |   3.446739   1.590071     2.17   0.031     .3124488    6.581029
        105  |   4.034845   1.530931     2.64   0.009     1.017129     7.05256
        106  |   1.136856   1.396938     0.81   0.417    -1.616739     3.89045
        107  |   7.790491   2.482428     3.14   0.002     2.897219    12.68376
        108  |   4.542567   2.246491     2.02   0.044     .1143653    8.970768
        109  |    17.7055   3.453217     5.13   0.000     10.89865    24.51236
        110  |      12.25   3.779901     3.24   0.001     4.799193     19.7008
        111  |   10.47042   1.339514     7.82   0.000     7.830017    13.11082
        201  |   5.452099   2.198198     2.48   0.014     1.119091    9.785107
        202  |   5.686641   2.020587     2.81   0.005     1.703733     9.66955
        203  |   4.738157   2.657631     1.78   0.076    -.5004694    9.976784
        204  |   13.88671   2.661962     5.22   0.000     8.639545    19.13387
        205  |   6.301298   2.496272     2.52   0.012     1.380737    11.22186
        206  |   6.321739   2.450868     2.58   0.011     1.490676     11.1528
        207  |   4.157007   1.887122     2.20   0.029     .4371811    7.876833
             |
       _cons |   27.00757   1.359335    19.87   0.000      24.3281    29.68704
------------------------------------------------------------------------------
(est8 stored)

 ( 1)  small = 0
 ( 2)  big = 0

       F(  2,   213) =    0.47
            Prob > F =    0.6228

added scalar:
             e(eqtest) =  .62280865

Linear regression                               Number of obs     =        243
                                                F(17, 213)        =       1.77
                                                Prob > F          =     0.0339
                                                R-squared         =     0.1001
                                                Root MSE          =     .48779

                                (Std. err. adjusted for 214 clusters in schid)
------------------------------------------------------------------------------
             |               Robust
    t_female | Coefficient  std. err.      t    P>|t|     [95% conf. interval]
-------------+----------------------------------------------------------------
       small |   .0151988   .0819656     0.19   0.853    -.1463689    .1767665
         big |   .0325253   .0856644     0.38   0.705    -.1363333    .2013839
             |
    countyid |
        104  |  -.5726662   .1619234    -3.54   0.000    -.8918438   -.2534885
        105  |  -.2871644   .1423085    -2.02   0.045    -.5676777   -.0066512
        106  |  -.1467037   .1906363    -0.77   0.442    -.5224792    .2290718
        107  |  -.4550444   .1876153    -2.43   0.016    -.8248648   -.0852239
        108  |  -.1204445   .2293466    -0.53   0.600    -.5725242    .3316352
        109  |  -.4510083   .2010471    -2.24   0.026    -.8473051   -.0547114
        110  |  -.4565473   .1993266    -2.29   0.023    -.8494527    -.063642
        111  |  -.4620864   .3040716    -1.52   0.130    -1.061461    .1372886
        201  |  -.2641343   .1503633    -1.76   0.080     -.560525    .0322564
        202  |  -.4094007    .158492    -2.58   0.010    -.7218144    -.096987
        203  |  -.4343607   .1574292    -2.76   0.006    -.7446794    -.124042
        204  |  -.5154662   .1521326    -3.39   0.001    -.8153445   -.2155879
        205  |  -.5845071   .1736811    -3.37   0.001     -.926861   -.2421531
        206  |  -.5012376   .1596906    -3.14   0.002     -.816014   -.1864613
        207  |  -.1739791   .1717521    -1.01   0.312    -.5125306    .1645724
             |
       _cons |     .76867   .1218623     6.31   0.000     .5284595     1.00888
------------------------------------------------------------------------------
(est9 stored)

 ( 1)  small = 0
 ( 2)  big = 0

       F(  2,   213) =    0.07
            Prob > F =    0.9285

added scalar:
             e(eqtest) =  .92845319

Linear regression                               Number of obs     =        243
                                                F(17, 213)        =       2.59
                                                Prob > F          =     0.0008
                                                R-squared         =     0.3621
                                                Root MSE          =     .19341

                                (Std. err. adjusted for 214 clusters in schid)
------------------------------------------------------------------------------
             |               Robust
       t_han | Coefficient  std. err.      t    P>|t|     [95% conf. interval]
-------------+----------------------------------------------------------------
       small |  -.0357626   .0297456    -1.20   0.231    -.0943961    .0228708
         big |   .0083885   .0337133     0.25   0.804     -.058066    .0748429
             |
    countyid |
        104  |  -.0031537   .0078634    -0.40   0.689    -.0186538    .0123465
        105  |  -.0809624   .0459295    -1.76   0.079    -.1714969    .0095721
        106  |   .0009403    .008586     0.11   0.913    -.0159841    .0178648
        107  |   .0082889   .0107645     0.77   0.442    -.0129297    .0295075
        108  |   .0053087   .0110667     0.48   0.632    -.0165055    .0271229
        109  |   .0082275   .0102719     0.80   0.424    -.0120201    .0284752
        110  |   .0023898   .0104025     0.23   0.819    -.0181153    .0228949
        111  |  -.0034479   .0170049    -0.20   0.840    -.0369673    .0300714
        201  |  -.0327831   .0424393    -0.77   0.441     -.116438    .0508718
        202  |   .0060077   .0085168     0.71   0.481    -.0107803    .0227957
        203  |  -.1135547   .0563991    -2.01   0.045    -.2247265   -.0023829
        204  |    .001422   .0077021     0.18   0.854    -.0137601    .0166041
        205  |   -.697988   .1474908    -4.73   0.000    -.9887165   -.4072594
        206  |  -.0031537   .0083145    -0.38   0.705    -.0195429    .0132356
        207  |  -.0706691   .0771952    -0.92   0.361    -.2228335    .0814953
             |
       _cons |   1.009776   .0205901    49.04   0.000     .9691899    1.050363
------------------------------------------------------------------------------
(est10 stored)

 ( 1)  small = 0
 ( 2)  big = 0

       F(  2,   213) =    1.30
            Prob > F =    0.2740

added scalar:
             e(eqtest) =  .2739573

Linear regression                               Number of obs     =        243
                                                F(17, 213)        =      10.81
                                                Prob > F          =     0.0000
                                                R-squared         =     0.2182
                                                Root MSE          =     9.1365

                                (Std. err. adjusted for 214 clusters in schid)
------------------------------------------------------------------------------
             |               Robust
teacher_ex~e | Coefficient  std. err.      t    P>|t|     [95% conf. interval]
-------------+----------------------------------------------------------------
       small |  -.2177142   1.496625    -0.15   0.884    -3.167808     2.73238
         big |     .74364   1.760072     0.42   0.673    -2.725751    4.213031
             |
    countyid |
        104  |   3.159903   2.068421     1.53   0.128    -.9172932      7.2371
        105  |   3.500542   1.856987     1.89   0.061    -.1598836    7.160968
        106  |   2.479124   1.839402     1.35   0.179     -1.14664    6.104887
        107  |   10.37052   2.749444     3.77   0.000     4.950918    15.79013
        108  |   5.010712   2.356744     2.13   0.035     .3651839    9.656241
        109  |   17.15543   4.686871     3.66   0.000     7.916844    26.39403
        110  |   12.29932   4.313846     2.85   0.005     3.796027    20.80262
        111  |   12.94321   1.566843     8.26   0.000      9.85471    16.03172
        201  |   5.838651   2.245393     2.60   0.010     1.412614    10.26469
        202  |   6.793516    2.42427     2.80   0.006     2.014883    11.57215
        203  |    4.19463   2.939084     1.43   0.155    -1.598786    9.988046
        204  |   16.34443    3.31262     4.93   0.000     9.814715    22.87415
        205  |   6.130396   3.183538     1.93   0.055    -.1448793    12.40567
        206  |    6.75276   2.988723     2.26   0.025     .8614967    12.64402
        207  |   4.159156   2.180112     1.91   0.058    -.1382013    8.456513
             |
       _cons |   5.633598    1.65257     3.41   0.001     2.376111    8.891085
------------------------------------------------------------------------------
(est11 stored)

 ( 1)  small = 0
 ( 2)  big = 0

       F(  2,   213) =    0.22
            Prob > F =    0.8060

added scalar:
             e(eqtest) =  .80604618

Linear regression                               Number of obs     =        243
                                                F(17, 213)        =       3.91
                                                Prob > F          =     0.0000
                                                R-squared         =     0.1309
                                                Root MSE          =      876.4

                                (Std. err. adjusted for 214 clusters in schid)
------------------------------------------------------------------------------
             |               Robust
teacher_ba~y | Coefficient  std. err.      t    P>|t|     [95% conf. interval]
-------------+----------------------------------------------------------------
       small |   125.4991   160.0895     0.78   0.434    -190.0636    441.0619
         big |   75.14783   154.2559     0.49   0.627    -228.9158    379.2114
             |
    countyid |
        104  |   791.3108   398.3981     1.99   0.048      6.00289    1576.619
        105  |   220.3082   415.6423     0.53   0.597     -598.991    1039.607
        106  |   284.6196   485.0948     0.59   0.558    -671.5818    1240.821
        107  |   342.6525   547.1707     0.63   0.532    -735.9105    1421.216
        108  |   300.3275   509.2321     0.59   0.556    -703.4525    1304.107
        109  |   1011.572   451.0792     2.24   0.026     122.4207    1900.723
        110  |   1067.705   560.4043     1.91   0.058    -36.94327    2172.354
        111  |   1025.061   510.8577     2.01   0.046     18.07713    2032.046
        201  |  -78.00247   395.2892    -0.20   0.844    -857.1822    701.1772
        202  |   186.8314   395.0855     0.47   0.637    -591.9469    965.6097
        203  |  -55.71214   407.9633    -0.14   0.892    -859.8747    748.4504
        204  |   200.7586   429.6458     0.47   0.641    -646.1437    1047.661
        205  |   520.2886   396.9293     1.31   0.191    -262.1241    1302.701
        206  |    184.168   384.0736     0.48   0.632    -572.9041      941.24
        207  |  -116.4352   395.3613    -0.29   0.769    -895.7572    662.8867
             |
       _cons |    2616.34   373.5467     7.00   0.000     1880.019    3352.662
------------------------------------------------------------------------------
(est12 stored)

 ( 1)  small = 0
 ( 2)  big = 0

       F(  2,   213) =    0.31
            Prob > F =    0.7350

added scalar:
             e(eqtest) =  .73495007

.         
.         foreach var of varlist grade_size sch_num_students sch_num_teachers sch_num_daike{
  2.                 eststo:  reg `var' $inc_size i.countyid if schone==1, robust
  3.                 testparm $inc_size 
  4.                 estadd scalar eqtest = `r(p)'
  5.         }

Linear regression                               Number of obs     =        216
                                                F(17, 198)        =       4.27
                                                Prob > F          =     0.0000
                                                R-squared         =     0.1917
                                                Root MSE          =     15.154

------------------------------------------------------------------------------
             |               Robust
  grade_size | Coefficient  std. err.      t    P>|t|     [95% conf. interval]
-------------+----------------------------------------------------------------
       small |  -1.140928   2.631234    -0.43   0.665    -6.329767    4.047911
         big |   .9411574   2.514595     0.37   0.709    -4.017667    5.899982
             |
    countyid |
        104  |  -11.31401   4.594914    -2.46   0.015    -20.37526   -2.252757
        105  |   3.639488   5.791683     0.63   0.530    -7.781812    15.06079
        106  |  -11.04944   4.656691    -2.37   0.019    -20.23252   -1.866369
        107  |  -12.39001    5.69668    -2.17   0.031    -23.62396   -1.156057
        108  |  -12.43547   9.812716    -1.27   0.207    -31.78632    6.915373
        109  |  -11.24101   6.837051    -1.64   0.102     -24.7238    2.241769
        110  |  -22.96505   5.759179    -3.99   0.000    -34.32225   -11.60785
        111  |  -18.36286   4.228756    -4.34   0.000    -26.70204   -10.02367
        201  |  -1.240853   4.942875    -0.25   0.802    -10.98829    8.506582
        202  |   1.904891   4.959567     0.38   0.701    -7.875462    11.68524
        203  |  -6.530552   4.448268    -1.47   0.144    -15.30261    2.241511
        204  |  -4.117305   4.292616    -0.96   0.339    -12.58242    4.347808
        205  |  -7.435644   5.390429    -1.38   0.169    -18.06566    3.194375
        206  |   -7.16503   4.955301    -1.45   0.150    -16.93697     2.60691
        207  |  -5.149867   5.135021    -1.00   0.317    -15.27622    4.976484
             |
       _cons |   47.69222   4.001939    11.92   0.000     39.80033    55.58411
------------------------------------------------------------------------------
(est13 stored)

 ( 1)  small = 0
 ( 2)  big = 0

       F(  2,   198) =    0.34
            Prob > F =    0.7087

added scalar:
             e(eqtest) =  .70873512

Linear regression                               Number of obs     =        216
                                                F(17, 198)        =       2.69
                                                Prob > F          =     0.0005
                                                R-squared         =     0.1085
                                                Root MSE          =     288.62

------------------------------------------------------------------------------
             |               Robust
sch_num_st~s | Coefficient  std. err.      t    P>|t|     [95% conf. interval]
-------------+----------------------------------------------------------------
       small |  -69.82271   57.94088    -1.21   0.230    -184.0831    44.43772
         big |  -16.25383   58.84925    -0.28   0.783    -132.3056    99.79792
             |
    countyid |
        104  |  -197.1976    115.294    -1.71   0.089    -424.5594    30.16417
        105  |  -155.0377    115.958    -1.34   0.183     -383.709    73.63348
        106  |  -7.848257    132.065    -0.06   0.953    -268.2827    252.5862
        107  |  -195.2058   132.1864    -1.48   0.141    -455.8797    65.46807
        108  |  -305.5463    130.008    -2.35   0.020    -561.9243   -49.16824
        109  |  -115.8352   144.7762    -0.80   0.425    -401.3363    169.6659
        110  |  -261.7499   115.8338    -2.26   0.025    -490.1762   -33.32356
        111  |  -345.2295   113.2369    -3.05   0.003    -568.5348   -121.9243
        201  |    18.2353    192.212     0.09   0.925      -360.81    397.2806
        202  |  -191.5252   112.4677    -1.70   0.090    -413.3135    30.26313
        203  |  -221.7815   110.8616    -2.00   0.047    -440.4024   -3.160596
        204  |  -178.5136   113.5568    -1.57   0.118    -402.4496    45.42252
        205  |  -226.5464    114.636    -1.98   0.050    -452.6105   -.4822484
        206  |  -93.88285   127.4037    -0.74   0.462    -345.1251    157.3594
        207  |  -67.00059    136.222    -0.49   0.623    -335.6327    201.6315
             |
       _cons |   572.8756   110.6759     5.18   0.000     354.6208    791.1304
------------------------------------------------------------------------------
(est14 stored)

 ( 1)  small = 0
 ( 2)  big = 0

       F(  2,   198) =    1.26
            Prob > F =    0.2850

added scalar:
             e(eqtest) =  .28500964

Linear regression                               Number of obs     =        216
                                                F(17, 198)        =       3.59
                                                Prob > F          =     0.0000
                                                R-squared         =     0.2468
                                                Root MSE          =     19.269

------------------------------------------------------------------------------
             |               Robust
sch_num_te~s | Coefficient  std. err.      t    P>|t|     [95% conf. interval]
-------------+----------------------------------------------------------------
       small |  -3.757328   3.423771    -1.10   0.274    -10.50906    2.994408
         big |   .6927679   3.883078     0.18   0.859     -6.96473    8.350266
             |
    countyid |
        104  |  -7.573084   6.830629    -1.11   0.269     -21.0432    5.897035
        105  |  -7.046168   6.226136    -1.13   0.259    -19.32422    5.231882
        106  |   24.21251   10.78069     2.25   0.026     2.952812    45.47221
        107  |   1.221736   8.194979     0.15   0.882    -14.93891    17.38238
        108  |  -13.37709   7.703493    -1.74   0.084    -28.56851    1.814333
        109  |  -5.737701   8.343484    -0.69   0.492     -22.1912     10.7158
        110  |  -7.450031   6.440001    -1.16   0.249    -20.14982    5.249763
        111  |  -10.85507   6.408575    -1.69   0.092     -23.4929    1.782748
        201  |  -7.991692   9.453929    -0.85   0.399    -26.63501    10.65162
        202  |  -16.53868   6.098677    -2.71   0.007    -28.56537   -4.511979
        203  |  -16.27353   5.889114    -2.76   0.006    -27.88697   -4.660098
        204  |  -18.45895    5.92357    -3.12   0.002    -30.14034   -6.777571
        205  |  -15.53382    6.55154    -2.37   0.019    -28.45357    -2.61407
        206  |   .9077365   11.06014     0.08   0.935    -20.90306    22.71853
        207  |  -1.057238   10.12272    -0.10   0.917    -21.01942    18.90495
             |
       _cons |   37.02483   6.304516     5.87   0.000     24.59221    49.45745
------------------------------------------------------------------------------
(est15 stored)

 ( 1)  small = 0
 ( 2)  big = 0

       F(  2,   198) =    1.40
            Prob > F =    0.2484

added scalar:
             e(eqtest) =  .24836222

Linear regression                               Number of obs     =        216
                                                F(17, 198)        =      12.33
                                                Prob > F          =     0.0000
                                                R-squared         =     0.2405
                                                Root MSE          =     2.6043

------------------------------------------------------------------------------
             |               Robust
sch_num_da~e | Coefficient  std. err.      t    P>|t|     [95% conf. interval]
-------------+----------------------------------------------------------------
       small |   .0702969   .3820837     0.18   0.854    -.6831788    .8237726
         big |   .1925015   .5019771     0.38   0.702    -.7974062    1.182409
             |
    countyid |
        104  |  -.2401696   .6323078    -0.38   0.704    -1.487092    1.006753
        105  |    .356599   .7112764     0.50   0.617    -1.046051    1.759249
        106  |  -1.762011   .5476339    -3.22   0.002    -2.841955   -.6820675
        107  |   2.731917   1.023033     2.67   0.008     .7144777    4.749356
        108  |  -1.434137   .6298124    -2.28   0.024    -2.676138   -.1921357
        109  |  -.0142258   .7499935    -0.02   0.985    -1.493226    1.464774
        110  |   3.121483   1.299215     2.40   0.017     .5594077    5.683558
        111  |  -.3301048   .7959131    -0.41   0.679    -1.899659     1.23945
        201  |   1.502965   .9828276     1.53   0.128     -.435188    3.441119
        202  |  -.9971966   .6283293    -1.59   0.114    -2.236273    .2418797
        203  |   -.511612   .6482069    -0.79   0.431    -1.789887    .7666633
        204  |   .4416295   .6282187     0.70   0.483    -.7972288    1.680488
        205  |  -1.735108    .556414    -3.12   0.002    -2.832366   -.6378498
        206  |    2.50901   2.359947     1.06   0.289    -2.144847    7.162866
        207  |  -1.438042   .5860588    -2.45   0.015     -2.59376    -.282324
             |
       _cons |   1.668154   .6536211     2.55   0.011     .3792022    2.957107
------------------------------------------------------------------------------
(est16 stored)

 ( 1)  small = 0
 ( 2)  big = 0

       F(  2,   198) =    0.07
            Prob > F =    0.9289

added scalar:
             e(eqtest) =  .92893577

.         
. esttab using "`outdir'/AppTable1.csv", label b(3) se(3)  star(* 0.10 ** 0.05 *** 0.01) keep($inc_size) ///
>                                 nogap wide append nonote nolabel ///
>                                 scalar("eqtest Joint Test P-value") 
(output written to E:\One Drive\OneDrive - connect.hku.hk\Desktop\test/output/replication/AppTable1.csv)

. /*---------------------------------------------------------------------------------*/
.                                                 
. /*---------------------------------------------------------------------------------*/
. /*APPENDIX TABLE 2: Attrition*/
. 
. eststo clear

.         *Student Attrition
.         eststo: xi:  reg scoremissing levels gains p4p i.countyid, vce(cluster schid)
i.countyid        _Icountyid_101-207  (naturally coded; _Icountyid_101 omitted)

Linear regression                               Number of obs     =      9,072
                                                F(18, 215)        =       2.86
                                                Prob > F          =     0.0002
                                                R-squared         =     0.0127
                                                Root MSE          =     .22974

                                  (Std. err. adjusted for 216 clusters in schid)
--------------------------------------------------------------------------------
               |               Robust
  scoremissing | Coefficient  std. err.      t    P>|t|     [95% conf. interval]
---------------+----------------------------------------------------------------
        levels |    .007891   .0188426     0.42   0.676    -.0292488    .0450308
         gains |    -.01521   .0104659    -1.45   0.148    -.0358389    .0054189
           p4p |  -.0078748   .0171606    -0.46   0.647    -.0416994    .0259497
_Icountyid_104 |  -.0632114   .0531523    -1.19   0.236    -.1679776    .0415549
_Icountyid_105 |  -.0757368   .0540659    -1.40   0.163    -.1823038    .0308303
_Icountyid_106 |  -.0240415   .0603549    -0.40   0.691    -.1430046    .0949215
_Icountyid_107 |  -.0701992   .0562121    -1.25   0.213    -.1809965    .0405981
_Icountyid_108 |   -.037768   .0588711    -0.64   0.522    -.1538063    .0782704
_Icountyid_109 |  -.0526802   .0551443    -0.96   0.340     -.161373    .0560125
_Icountyid_110 |  -.0158799   .0593335    -0.27   0.789    -.1328298    .1010699
_Icountyid_111 |  -.0235591   .0654324    -0.36   0.719    -.1525302     .105412
_Icountyid_201 |  -.0175923    .063769    -0.28   0.783    -.1432847    .1081001
_Icountyid_202 |  -.0373175   .0538001    -0.69   0.489    -.1433606    .0687256
_Icountyid_203 |  -.0452138   .0564304    -0.80   0.424    -.1564415    .0660139
_Icountyid_204 |   -.036942   .0539663    -0.68   0.494    -.1433128    .0694287
_Icountyid_205 |   .0046107   .0563104     0.08   0.935    -.1063804    .1156017
_Icountyid_206 |    -.03762   .0548848    -0.69   0.494    -.1458012    .0705612
_Icountyid_207 |  -.0635191   .0552307    -1.15   0.251    -.1723822    .0453439
         _cons |   .1007771   .0507265     1.99   0.048     .0007922    .2007621
--------------------------------------------------------------------------------
(est1 stored)

.                         su scoremissing if e(sample)==1 & control==1

    Variable |        Obs        Mean    Std. dev.       Min        Max
-------------+---------------------------------------------------------
scoremissing |      2,254    .0638864    .2446048          0          1

.                         estadd scalar mean =  round(`r(mean)',0.001)

added scalar:
               e(mean) =  .064

.                         su scoremissing if e(sample)==1 

    Variable |        Obs        Mean    Std. dev.       Min        Max
-------------+---------------------------------------------------------
scoremissing |      9,072    .0565476    .2309889          0          1

.                         estadd scalar attrit =  round(`r(mean)',0.001)

added scalar:
             e(attrit) =  .057

.                         
.         eststo: xi:  reg scoremissing small big i.countyid, vce(cluster schid)
i.countyid        _Icountyid_101-207  (naturally coded; _Icountyid_101 omitted)

Linear regression                               Number of obs     =      9,072
                                                F(17, 215)        =       2.82
                                                Prob > F          =     0.0003
                                                R-squared         =     0.0114
                                                Root MSE          =     .22988

                                  (Std. err. adjusted for 216 clusters in schid)
--------------------------------------------------------------------------------
               |               Robust
  scoremissing | Coefficient  std. err.      t    P>|t|     [95% conf. interval]
---------------+----------------------------------------------------------------
         small |  -.0041687   .0140272    -0.30   0.767    -.0318172    .0234798
           big |  -.0065606   .0142412    -0.46   0.645    -.0346309    .0215097
_Icountyid_104 |  -.0645681   .0540292    -1.20   0.233    -.1710629    .0419267
_Icountyid_105 |  -.0763601   .0545024    -1.40   0.163    -.1837876    .0310674
_Icountyid_106 |  -.0245662   .0609032    -0.40   0.687    -.1446101    .0954776
_Icountyid_107 |  -.0705143   .0571353    -1.23   0.218    -.1831314    .0421028
_Icountyid_108 |  -.0404566   .0602592    -0.67   0.503     -.159231    .0783178
_Icountyid_109 |  -.0549145   .0578427    -0.95   0.343    -.1689258    .0590969
_Icountyid_110 |  -.0156701   .0588825    -0.27   0.790     -.131731    .1003909
_Icountyid_111 |  -.0259331   .0674863    -0.38   0.701    -.1589526    .1070864
_Icountyid_201 |  -.0171631   .0649186    -0.26   0.792    -.1451215    .1107953
_Icountyid_202 |    -.03796   .0546401    -0.69   0.488    -.1456588    .0697388
_Icountyid_203 |   -.044889   .0557526    -0.81   0.422    -.1547805    .0650026
_Icountyid_204 |  -.0380872   .0548994    -0.69   0.489    -.1462972    .0701228
_Icountyid_205 |    .002106   .0584771     0.04   0.971    -.1131557    .1173678
_Icountyid_206 |  -.0380679   .0548202    -0.69   0.488    -.1461219     .069986
_Icountyid_207 |  -.0639413   .0557187    -1.15   0.252    -.1737661    .0458835
         _cons |   .1014558   .0514787     1.97   0.050    -.0000118    .2029233
--------------------------------------------------------------------------------
(est2 stored)

.                         su scoremissing if e(sample)==1 & control==1

    Variable |        Obs        Mean    Std. dev.       Min        Max
-------------+---------------------------------------------------------
scoremissing |      2,254    .0638864    .2446048          0          1

.                         estadd scalar mean =  round(`r(mean)',0.001)

added scalar:
               e(mean) =  .064

.                         
.         eststo: xi:  reg scoremissing levels gains p4p  i.countyid if small==1 | control==1, vce(cluster schid)
i.countyid        _Icountyid_101-207  (naturally coded; _Icountyid_101 omitted)

Linear regression                               Number of obs     =      5,719
                                                F(17, 137)        =          .
                                                Prob > F          =          .
                                                R-squared         =     0.0273
                                                Root MSE          =     .23295

                                  (Std. err. adjusted for 138 clusters in schid)
--------------------------------------------------------------------------------
               |               Robust
  scoremissing | Coefficient  std. err.      t    P>|t|     [95% conf. interval]
---------------+----------------------------------------------------------------
        levels |   .0284985   .0332859     0.86   0.393    -.0373221     .094319
         gains |  -.0138048   .0127432    -1.08   0.281    -.0390037    .0113941
           p4p |  -.0261301   .0133359    -1.96   0.052    -.0525008    .0002407
_Icountyid_104 |  -.1179001    .078034    -1.51   0.133    -.2722069    .0364067
_Icountyid_105 |  -.1331523   .0810107    -1.64   0.103    -.2933454    .0270409
_Icountyid_106 |  -.0475935    .087998    -0.54   0.589    -.2216035    .1264165
_Icountyid_107 |  -.1031604   .0845694    -1.22   0.225    -.2703905    .0640698
_Icountyid_108 |  -.1110137   .0908411    -1.22   0.224    -.2906456    .0686183
_Icountyid_109 |  -.0994659   .0834503    -1.19   0.235    -.2644831    .0655514
_Icountyid_110 |  -.0350655   .0893134    -0.39   0.695    -.2116766    .1415456
_Icountyid_111 |  -.1354495   .0763734    -1.77   0.078    -.2864727    .0155737
_Icountyid_201 |    -.10037    .081696    -1.23   0.221    -.2619181    .0611782
_Icountyid_202 |  -.0820408   .0809543    -1.01   0.313    -.2421224    .0780407
_Icountyid_203 |   -.097873   .0833458    -1.17   0.242    -.2626835    .0669375
_Icountyid_204 |   -.093963   .0798169    -1.18   0.241    -.2517954    .0638694
_Icountyid_205 |  -.0396412   .0803633    -0.49   0.623    -.1985541    .1192717
_Icountyid_206 |  -.0864157   .0833358    -1.04   0.302    -.2512066    .0783751
_Icountyid_207 |  -.1117514   .0869075    -1.29   0.201     -.283605    .0601023
         _cons |   .1492543   .0750658     1.99   0.049     .0008168    .2976919
--------------------------------------------------------------------------------
(est3 stored)

.                         su scoremissing if e(sample)==1 & control==1

    Variable |        Obs        Mean    Std. dev.       Min        Max
-------------+---------------------------------------------------------
scoremissing |      2,254    .0638864    .2446048          0          1

.                         estadd scalar mean =  round(`r(mean)',0.001)            

added scalar:
               e(mean) =  .064

.                         
.         eststo: xi:  reg scoremissing levels gains p4p  i.countyid if big==1 | control==1, vce(cluster schid)
i.countyid        _Icountyid_101-207  (naturally coded; _Icountyid_101 omitted)

Linear regression                               Number of obs     =      5,607
                                                F(18, 129)        =       3.08
                                                Prob > F          =     0.0001
                                                R-squared         =     0.0150
                                                Root MSE          =     .23029

                                  (Std. err. adjusted for 130 clusters in schid)
--------------------------------------------------------------------------------
               |               Robust
  scoremissing | Coefficient  std. err.      t    P>|t|     [95% conf. interval]
---------------+----------------------------------------------------------------
        levels |  -.0069401   .0128469    -0.54   0.590    -.0323581    .0184779
         gains |  -.0177369   .0125624    -1.41   0.160    -.0425919     .007118
           p4p |   .0094623   .0296032     0.32   0.750    -.0491083    .0680329
_Icountyid_104 |  -.0099489   .0272656    -0.36   0.716    -.0638945    .0439966
_Icountyid_105 |  -.0191579   .0252977    -0.76   0.450    -.0692101    .0308943
_Icountyid_106 |   .0289783   .0483984     0.60   0.550    -.0667791    .1247357
_Icountyid_107 |  -.0358942    .024873    -1.44   0.151    -.0851062    .0133177
_Icountyid_108 |   .0407874   .0346418     1.18   0.241    -.0277522     .109327
_Icountyid_109 |  -.0106029   .0324115    -0.33   0.744    -.0747299    .0535241
_Icountyid_110 |   .0147776   .0268153     0.55   0.583    -.0382771    .0678323
_Icountyid_111 |   .0493623   .0545614     0.90   0.367    -.0585888    .1573135
_Icountyid_201 |   .0651708   .0626795     1.04   0.300    -.0588421    .1891837
_Icountyid_202 |   .0111987   .0264812     0.42   0.673     -.041195    .0635925
_Icountyid_203 |  -.0017549    .027656    -0.06   0.950    -.0564729    .0529632
_Icountyid_204 |    .022372   .0267554     0.84   0.405    -.0305643    .0753084
_Icountyid_205 |   .0410575   .0336395     1.22   0.224    -.0254992    .1076142
_Icountyid_206 |   .0229918   .0289416     0.79   0.428    -.0342699    .0802535
_Icountyid_207 |  -.0256549   .0253499    -1.01   0.313    -.0758104    .0245006
         _cons |    .050041   .0278984     1.79   0.075    -.0051567    .1052388
--------------------------------------------------------------------------------
(est4 stored)

.                         su scoremissing if e(sample)==1 & control==1

    Variable |        Obs        Mean    Std. dev.       Min        Max
-------------+---------------------------------------------------------
scoremissing |      2,254    .0638864    .2446048          0          1

.                         estadd scalar mean =  round(`r(mean)',0.001)                    

added scalar:
               e(mean) =  .064

.         
. esttab using "`outdir'/AppTable2.csv", nolabel r2 b(3) se(3)  star(* 0.10 ** 0.05 *** 0.01) ///
>         drop(_I*) replace scalar("mean Mean in Control Group" "attrit Overall Attrition Rate")
(file E:\One Drive\OneDrive - connect.hku.hk\Desktop\test/output/replication/AppTable2.csv not found)
(output written to E:\One Drive\OneDrive - connect.hku.hk\Desktop\test/output/replication/AppTable2.csv)

. /*---------------------------------------------------------------------------------*/
.         
. /*---------------------------------------------------------------------------------*/
. /*APPENDIX TABLE 3: Impact of Incentives on Test Scores (School-Level Regressions)*/                    
. 
. preserve

.         xi: reg z_final_score any_incentive $base_covs $other_covs i.countyid
i.countyid        _Icountyid_101-207  (naturally coded; _Icountyid_101 omitted)

      Source |       SS           df       MS      Number of obs   =     7,373
-------------+----------------------------------   F(26, 7346)     =    254.21
       Model |  3799.01046        26  146.115787   Prob > F        =    0.0000
    Residual |  4222.38346     7,346  .574786749   R-squared       =    0.4736
-------------+----------------------------------   Adj R-squared   =    0.4717
       Total |  8021.39392     7,372  1.08808925   Root MSE        =    .75815

------------------------------------------------------------------------------------
     z_final_score | Coefficient  Std. err.      t    P>|t|     [95% conf. interval]
-------------------+----------------------------------------------------------------
     any_incentive |   .0742611   .0207821     3.57   0.000     .0335222    .1150001
        zmathbase1 |   .3159056   .0111334    28.37   0.000     .2940809    .3377302
        zmathbase2 |   .3663364   .0109898    33.33   0.000     .3447934    .3878795
            female |  -.1430586   .0177927    -8.04   0.000    -.1779374   -.1081797
            stuage |  -.1008215   .0097895   -10.30   0.000    -.1200117   -.0816312
        dad_jhs_yn |   .0455702   .0187089     2.44   0.015     .0088954    .0822449
        mom_jhs_yn |   .0265813   .0199303     1.33   0.182    -.0124878    .0656504
               ses |   .0036223    .009219     0.39   0.694    -.0144496    .0216941
        class_size |   .0027282   .0006487     4.21   0.000     .0014565    .0039998
teacher_experience |  -.0005874   .0011001    -0.53   0.593     -.002744    .0015692
   teacher_basepay |  -.0000366   .0000116    -3.15   0.002    -.0000593   -.0000139
    _Icountyid_104 |   .2225101   .0492454     4.52   0.000      .125975    .3190451
    _Icountyid_105 |  -.0774303   .0491147    -1.58   0.115    -.1737091    .0188485
    _Icountyid_106 |  -.0536506   .0499375    -1.07   0.283    -.1515423    .0442412
    _Icountyid_107 |    .236634   .0513899     4.60   0.000     .1358951     .337373
    _Icountyid_108 |   .0825444   .0733261     1.13   0.260    -.0611958    .2262846
    _Icountyid_109 |  -.0784098   .0558246    -1.40   0.160     -.187842    .0310224
    _Icountyid_110 |   .2442078   .0630638     3.87   0.000     .1205846     .367831
    _Icountyid_111 |   .1347988   .0854027     1.58   0.115    -.0326151    .3022127
    _Icountyid_201 |  -.1425966   .0446148    -3.20   0.001    -.2300545   -.0551387
    _Icountyid_202 |  -.3229178   .0417812    -7.73   0.000     -.404821   -.2410146
    _Icountyid_203 |   -.405455   .0504586    -8.04   0.000    -.5043683   -.3065417
    _Icountyid_204 |  -.2908927   .0451506    -6.44   0.000    -.3794009   -.2023845
    _Icountyid_205 |  -.1124119   .0515267    -2.18   0.029    -.2134189   -.0114049
    _Icountyid_206 |  -.4058458   .0510572    -7.95   0.000    -.5059327    -.305759
    _Icountyid_207 |  -.1942931   .0498731    -3.90   0.000    -.2920587   -.0965274
             _cons |   1.384164   .1307975    10.58   0.000     1.127764    1.640565
------------------------------------------------------------------------------------

.         keep if e(sample)
(1,699 observations deleted)

.         
.         collapse z_final_score any_incentive $inc_size $inc_design $base_covs $other_covs control countyid, by(schid)

. 
.         eststo clear

.         eststo: xi: reg z_final_score any_incentive $base_covs i.countyid
i.countyid        _Icountyid_101-207  (naturally coded; _Icountyid_101 omitted)

      Source |       SS           df       MS      Number of obs   =       214
-------------+----------------------------------   F(18, 195)      =     24.84
       Model |  40.3881057        18  2.24378365   Prob > F        =    0.0000
    Residual |  17.6140236       195  .090328326   R-squared       =    0.6963
-------------+----------------------------------   Adj R-squared   =    0.6683
       Total |  58.0021293       213  .272310466   Root MSE        =    .30055

--------------------------------------------------------------------------------
 z_final_score | Coefficient  Std. err.      t    P>|t|     [95% conf. interval]
---------------+----------------------------------------------------------------
 any_incentive |   .0372973   .0489341     0.76   0.447    -.0592107    .1338053
    zmathbase1 |   .3788446   .0642512     5.90   0.000     .2521281    .5055611
    zmathbase2 |   .3991662    .062649     6.37   0.000     .2756096    .5227227
_Icountyid_104 |   .1515264    .113787     1.33   0.185    -.0728848    .3759376
_Icountyid_105 |  -.0712355   .1173311    -0.61   0.544    -.3026363    .1601654
_Icountyid_106 |  -.1346585   .1144078    -1.18   0.241     -.360294     .090977
_Icountyid_107 |    .140533    .120019     1.17   0.243    -.0961689    .3772349
_Icountyid_108 |   .0573816   .1468545     0.39   0.696    -.2322453    .3470086
_Icountyid_109 |  -.0693753   .1225527    -0.57   0.572    -.3110742    .1723235
_Icountyid_110 |   .0370917    .123229     0.30   0.764    -.2059411    .2801245
_Icountyid_111 |   .0838568    .172839     0.49   0.628     -.257017    .4247305
_Icountyid_201 |  -.1931554   .1075833    -1.80   0.074    -.4053315    .0190208
_Icountyid_202 |  -.2947508   .1044362    -2.82   0.005    -.5007204   -.0887813
_Icountyid_203 |  -.4445017   .1186201    -3.75   0.000    -.6784448   -.2105586
_Icountyid_204 |  -.3555555   .1070571    -3.32   0.001    -.5666939   -.1444171
_Icountyid_205 |  -.2273311   .1207121    -1.88   0.061       -.4654    .0107378
_Icountyid_206 |  -.4722171   .1200554    -3.93   0.000    -.7089907   -.2354434
_Icountyid_207 |   -.235053   .1191711    -1.97   0.050    -.4700827   -.0000233
         _cons |   .1967741   .0889658     2.21   0.028     .0213153    .3722329
--------------------------------------------------------------------------------
(est1 stored)

.                                 su z_final_score if e(sample)==1 & control==1

    Variable |        Obs        Mean    Std. dev.       Min        Max
-------------+---------------------------------------------------------
z_final_sc~e |         52    .0089547    .4428871  -1.000861   1.150372

.                                 estadd scalar mean =  round(`r(mean)',0.001)

added scalar:
               e(mean) =  .009

.         eststo: xi: reg z_final_score any_incentive $base_covs $other_covs i.countyid
i.countyid        _Icountyid_101-207  (naturally coded; _Icountyid_101 omitted)

      Source |       SS           df       MS      Number of obs   =       214
-------------+----------------------------------   F(26, 187)      =     17.39
       Model |  41.0330401        26  1.57819385   Prob > F        =    0.0000
    Residual |  16.9690892       187  .090743792   R-squared       =    0.7074
-------------+----------------------------------   Adj R-squared   =    0.6668
       Total |  58.0021293       213  .272310466   Root MSE        =    .30124

------------------------------------------------------------------------------------
     z_final_score | Coefficient  Std. err.      t    P>|t|     [95% conf. interval]
-------------------+----------------------------------------------------------------
     any_incentive |   .0457958   .0500371     0.92   0.361     -.052914    .1445056
        zmathbase1 |   .3641887   .0678691     5.37   0.000     .2303012    .4980762
        zmathbase2 |   .3979033   .0635642     6.26   0.000     .2725083    .5232984
            female |    .100162   .2057916     0.49   0.627    -.3058095    .5061336
            stuage |  -.0219697   .0693719    -0.32   0.752    -.1588219    .1148824
        dad_jhs_yn |  -.0893566   .1767266    -0.51   0.614    -.4379906    .2592774
        mom_jhs_yn |   .1254978   .1939814     0.65   0.518    -.2571753     .508171
               ses |  -.0301857   .0900645    -0.34   0.738    -.2078588    .1474873
        class_size |   .0031162   .0017213     1.81   0.072    -.0002795     .006512
teacher_experience |   .0003413   .0026389     0.13   0.897    -.0048645    .0055471
   teacher_basepay |   -.000043   .0000272    -1.58   0.115    -.0000965    .0000106
    _Icountyid_104 |    .207465   .1207827     1.72   0.088    -.0308068    .4457368
    _Icountyid_105 |  -.0364578   .1245901    -0.29   0.770    -.2822406     .209325
    _Icountyid_106 |  -.0963484   .1243463    -0.77   0.439    -.3416501    .1489534
    _Icountyid_107 |   .1482959   .1367088     1.08   0.279    -.1213938    .4179856
    _Icountyid_108 |   .1206399   .1577334     0.76   0.445    -.1905256    .4318055
    _Icountyid_109 |  -.0525632   .1487917    -0.35   0.724    -.3460893    .2409629
    _Icountyid_110 |   .1095995   .1460389     0.75   0.454     -.178496     .397695
    _Icountyid_111 |   .1183223   .1961931     0.60   0.547    -.2687139    .5053586
    _Icountyid_201 |  -.1860898   .1401455    -1.33   0.186    -.4625593    .0903796
    _Icountyid_202 |  -.3113273   .1344162    -2.32   0.022    -.5764942   -.0461604
    _Icountyid_203 |  -.4383763   .1526191    -2.87   0.005    -.7394527   -.1372999
    _Icountyid_204 |  -.3620885   .1518662    -2.38   0.018    -.6616797   -.0624972
    _Icountyid_205 |  -.2136345     .14392    -1.48   0.139      -.49755     .070281
    _Icountyid_206 |  -.4471591   .1545994    -2.89   0.004    -.7521421   -.1421761
    _Icountyid_207 |  -.2465047   .1424269    -1.73   0.085    -.5274747    .0344652
             _cons |   .3769326   .8655053     0.44   0.664    -1.330477    2.084342
------------------------------------------------------------------------------------
(est2 stored)

.                                 su z_final_score if e(sample)==1 & control==1

    Variable |        Obs        Mean    Std. dev.       Min        Max
-------------+---------------------------------------------------------
z_final_sc~e |         52    .0089547    .4428871  -1.000861   1.150372

.                                 estadd scalar mean =  round(`r(mean)',0.001)

added scalar:
               e(mean) =  .009

.                                 
.         eststo: xi: reg z_final_score $inc_size $base_covs i.countyid
i.countyid        _Icountyid_101-207  (naturally coded; _Icountyid_101 omitted)

      Source |       SS           df       MS      Number of obs   =       214
-------------+----------------------------------   F(19, 194)      =     23.48
       Model |  40.4255267        19   2.1276593   Prob > F        =    0.0000
    Residual |  17.5766027       194  .090601045   R-squared       =    0.6970
-------------+----------------------------------   Adj R-squared   =    0.6673
       Total |  58.0021293       213  .272310466   Root MSE        =      .301

--------------------------------------------------------------------------------
 z_final_score | Coefficient  Std. err.      t    P>|t|     [95% conf. interval]
---------------+----------------------------------------------------------------
         small |   .0229054   .0538818     0.43   0.671    -.0833639    .1291748
           big |   .0537671   .0553039     0.97   0.332    -.0553069    .1628412
    zmathbase1 |    .379052   .0643489     5.89   0.000     .2521387    .5059653
    zmathbase2 |   .3988822    .062745     6.36   0.000     .2751322    .5226322
_Icountyid_104 |   .1493284     .11401     1.31   0.192    -.0755297    .3741866
_Icountyid_105 |  -.0734273   .1175576    -0.62   0.533    -.3052822    .1584277
_Icountyid_106 |  -.1346107   .1145804    -1.17   0.242    -.3605939    .0913724
_Icountyid_107 |   .1416144   .1202118     1.18   0.240    -.0954754    .3787042
_Icountyid_108 |   .0598079   .1471244     0.41   0.685    -.2303608    .3499767
_Icountyid_109 |  -.0637772   .1230462    -0.52   0.605    -.3064573    .1789029
_Icountyid_110 |   .0369266   .1234152     0.30   0.765    -.2064811    .2803343
_Icountyid_111 |   .0758718   .1735451     0.44   0.662    -.2664055    .4181491
_Icountyid_201 |  -.1897208    .107878    -1.76   0.080    -.4024851    .0230434
_Icountyid_202 |  -.2948334   .1045938    -2.82   0.005    -.5011204   -.0885464
_Icountyid_203 |  -.4432878   .1188141    -3.73   0.000     -.677621   -.2089546
_Icountyid_204 |  -.3556688   .1072187    -3.32   0.001    -.5671327   -.1442048
_Icountyid_205 |  -.2247816   .1209593    -1.86   0.065    -.4633456    .0137824
_Icountyid_206 |  -.4722397   .1202365    -3.93   0.000    -.7093781   -.2351012
_Icountyid_207 |  -.2340092   .1193619    -1.96   0.051    -.4694229    .0014044
         _cons |   .1960705   .0891068     2.20   0.029     .0203281    .3718129
--------------------------------------------------------------------------------
(est3 stored)

.                                 lincom big - small

 ( 1)  - small + big = 0

------------------------------------------------------------------------------
z_final_sc~e | Coefficient  Std. err.      t    P>|t|     [95% conf. interval]
-------------+----------------------------------------------------------------
         (1) |   .0308617   .0480207     0.64   0.521     -.063848    .1255714
------------------------------------------------------------------------------

.                                 estadd scalar big_small = round(`r(estimate)',0.001)

added scalar:
          e(big_small) =  .031

.                                 local t = `r(estimate)'/`r(se)'

.                                 estadd scalar big_small_p = round(2*ttail(e(df_r),abs(`t')),0.001)

added scalar:
        e(big_small_p) =  .521

.                                 
.                                 su z_final_score if e(sample)==1 & control==1

    Variable |        Obs        Mean    Std. dev.       Min        Max
-------------+---------------------------------------------------------
z_final_sc~e |         52    .0089547    .4428871  -1.000861   1.150372

.                                 estadd scalar mean =  round(`r(mean)',0.001)

added scalar:
               e(mean) =  .009

.                                 
.                                 
.         eststo: xi: reg z_final_score $inc_size $base_covs $other_covs i.countyid
i.countyid        _Icountyid_101-207  (naturally coded; _Icountyid_101 omitted)

      Source |       SS           df       MS      Number of obs   =       214
-------------+----------------------------------   F(27, 186)      =     16.68
       Model |  41.0505483        27  1.52039068   Prob > F        =    0.0000
    Residual |   16.951581       186  .091137532   R-squared       =    0.7077
-------------+----------------------------------   Adj R-squared   =    0.6653
       Total |  58.0021293       213  .272310466   Root MSE        =    .30189

------------------------------------------------------------------------------------
     z_final_score | Coefficient  Std. err.      t    P>|t|     [95% conf. interval]
-------------------+----------------------------------------------------------------
             small |   .0352583    .055611     0.63   0.527     -.074451    .1449676
               big |   .0568876   .0561693     1.01   0.312    -.0539231    .1676984
        zmathbase1 |   .3649535   .0680386     5.36   0.000     .2307269      .49918
        zmathbase2 |   .3978617    .063702     6.25   0.000     .2721903     .523533
            female |   .1017151    .206268     0.49   0.623    -.3052105    .5086407
            stuage |  -.0199793   .0696704    -0.29   0.775    -.1574252    .1174665
        dad_jhs_yn |  -.0907267   .1771372    -0.51   0.609    -.4401829    .2587296
        mom_jhs_yn |   .1370909   .1961929     0.70   0.486    -.2499585    .5241404
               ses |  -.0352238   .0909887    -0.39   0.699    -.2147263    .1442786
        class_size |   .0030217   .0017385     1.74   0.084     -.000408    .0064514
teacher_experience |   .0003056   .0026459     0.12   0.908    -.0049141    .0055254
   teacher_basepay |  -.0000425   .0000272    -1.56   0.121    -.0000962    .0000113
    _Icountyid_104 |   .2034937   .1213831     1.68   0.095     -.035971    .4429583
    _Icountyid_105 |  -.0398763   .1251035    -0.32   0.750    -.2866805    .2069279
    _Icountyid_106 |  -.1001767   .1249215    -0.80   0.424    -.3466218    .1462684
    _Icountyid_107 |    .144264   .1373136     1.05   0.295    -.1266282    .4151562
    _Icountyid_108 |   .1179917   .1581906     0.75   0.457    -.1940868    .4300702
    _Icountyid_109 |  -.0539032   .1491455    -0.36   0.718    -.3481375    .2403312
    _Icountyid_110 |   .1042451   .1468644     0.71   0.479    -.1854889    .3939791
    _Icountyid_111 |   .1059158   .1986454     0.53   0.595    -.2859718    .4978035
    _Icountyid_201 |  -.1895906   .1406762    -1.35   0.179    -.4671166    .0879354
    _Icountyid_202 |  -.3157012   .1350766    -2.34   0.020    -.5821804   -.0492221
    _Icountyid_203 |  -.4430542   .1533218    -2.89   0.004    -.7455274   -.1405811
    _Icountyid_204 |  -.3674678   .1526894    -2.41   0.017    -.6686935   -.0662421
    _Icountyid_205 |  -.2163142   .1443614    -1.50   0.136    -.5011105    .0684821
    _Icountyid_206 |  -.4536337   .1556371    -2.91   0.004    -.7606745   -.1465929
    _Icountyid_207 |  -.2513872   .1431696    -1.76   0.081    -.5338322    .0310577
             _cons |    .353008   .8690969     0.41   0.685    -1.361546    2.067562
------------------------------------------------------------------------------------
(est4 stored)

.                                 lincom big - small

 ( 1)  - small + big = 0

------------------------------------------------------------------------------
z_final_sc~e | Coefficient  Std. err.      t    P>|t|     [95% conf. interval]
-------------+----------------------------------------------------------------
         (1) |   .0216293    .049348     0.44   0.662    -.0757245     .118983
------------------------------------------------------------------------------

.                                 estadd scalar big_small = round(`r(estimate)',0.001)

added scalar:
          e(big_small) =  .022

.                                 local t = `r(estimate)'/`r(se)'

.                                 estadd scalar big_small_p = round(2*ttail(e(df_r),abs(`t')),0.001)

added scalar:
        e(big_small_p) =  .662

.                                 
.                                 su z_final_score if e(sample)==1 & control==1

    Variable |        Obs        Mean    Std. dev.       Min        Max
-------------+---------------------------------------------------------
z_final_sc~e |         52    .0089547    .4428871  -1.000861   1.150372

.                                 estadd scalar mean =  round(`r(mean)',0.001)    

added scalar:
               e(mean) =  .009

.                                 
.         eststo: xi: reg z_final_score $inc_design $base_covs i.countyid
i.countyid        _Icountyid_101-207  (naturally coded; _Icountyid_101 omitted)

      Source |       SS           df       MS      Number of obs   =       214
-------------+----------------------------------   F(20, 193)      =     22.68
       Model |    40.69098        20    2.034549   Prob > F        =    0.0000
    Residual |  17.3111493       193  .089695074   R-squared       =    0.7015
-------------+----------------------------------   Adj R-squared   =    0.6706
       Total |  58.0021293       213  .272310466   Root MSE        =    .29949

--------------------------------------------------------------------------------
 z_final_score | Coefficient  Std. err.      t    P>|t|     [95% conf. interval]
---------------+----------------------------------------------------------------
        levels |   .0446225   .0593549     0.75   0.453    -.0724451    .1616901
         gains |  -.0183064   .0588096    -0.31   0.756    -.1342984    .0976856
           p4p |   .0875256   .0595369     1.47   0.143    -.0299008    .2049521
    zmathbase1 |    .386214   .0642873     6.01   0.000     .2594182    .5130099
    zmathbase2 |   .3986834   .0625213     6.38   0.000     .2753706    .5219962
_Icountyid_104 |   .1524956   .1133891     1.34   0.180    -.0711453    .3761366
_Icountyid_105 |  -.0593315   .1171115    -0.51   0.613    -.2903142    .1716512
_Icountyid_106 |  -.1332211   .1140123    -1.17   0.244    -.3580912    .0916489
_Icountyid_107 |   .1419718   .1196454     1.19   0.237    -.0940087    .3779523
_Icountyid_108 |   .0617433   .1464245     0.42   0.674    -.2270543    .3505409
_Icountyid_109 |  -.0624599   .1221836    -0.51   0.610    -.3034465    .1785266
_Icountyid_110 |   .0525068    .123248     0.43   0.671    -.1905792    .2955928
_Icountyid_111 |   .1050653   .1726191     0.61   0.543    -.2353968    .4455274
_Icountyid_201 |  -.1929025   .1072654    -1.80   0.074    -.4044655    .0186605
_Icountyid_202 |  -.2878204    .104153    -2.76   0.006    -.4932447    -.082396
_Icountyid_203 |  -.4279161   .1187192    -3.60   0.000    -.6620698   -.1937624
_Icountyid_204 |  -.3477398   .1067785    -3.26   0.001    -.5583425   -.1371371
_Icountyid_205 |  -.2207595   .1203515    -1.83   0.068    -.4581325    .0166135
_Icountyid_206 |   -.462814   .1197751    -3.86   0.000    -.6990501   -.2265778
_Icountyid_207 |  -.2324061   .1187781    -1.96   0.052    -.4666759    .0018637
         _cons |   .1910573   .0887187     2.15   0.033     .0160746    .3660401
--------------------------------------------------------------------------------
(est5 stored)

.                                 lincom gains - levels

 ( 1)  - levels + gains = 0

------------------------------------------------------------------------------
z_final_sc~e | Coefficient  Std. err.      t    P>|t|     [95% conf. interval]
-------------+----------------------------------------------------------------
         (1) |  -.0629289   .0577163    -1.09   0.277    -.1767646    .0509068
------------------------------------------------------------------------------

.                                 estadd scalar gains_levels = round(`r(estimate)',0.001)

added scalar:
       e(gains_levels) =  -.063

.                                 local t = `r(estimate)'/`r(se)'

.                                 estadd scalar gains_levels_p = round(2*ttail(e(df_r),abs(`t')),0.001)

added scalar:
     e(gains_levels_p) =  .277

.                                 
.                                 lincom p4p - levels

 ( 1)  - levels + p4p = 0

------------------------------------------------------------------------------
z_final_sc~e | Coefficient  Std. err.      t    P>|t|     [95% conf. interval]
-------------+----------------------------------------------------------------
         (1) |   .0429032    .058917     0.73   0.467    -.0733008    .1591071
------------------------------------------------------------------------------

.                                 estadd scalar p4p_levels = round(`r(estimate)',0.001)

added scalar:
         e(p4p_levels) =  .043

.                                 local t = `r(estimate)'/`r(se)'

.                                 estadd scalar p4p_levels_p = round(2*ttail(e(df_r),abs(`t')),0.001)

added scalar:
       e(p4p_levels_p) =  .467

.                                 
.                                 lincom p4p - gains

 ( 1)  - gains + p4p = 0

------------------------------------------------------------------------------
z_final_sc~e | Coefficient  Std. err.      t    P>|t|     [95% conf. interval]
-------------+----------------------------------------------------------------
         (1) |   .1058321   .0580969     1.82   0.070    -.0087543    .2204184
------------------------------------------------------------------------------

.                                 estadd scalar p4p_gains = round(`r(estimate)',0.001)

added scalar:
          e(p4p_gains) =  .106

.                                 local t = `r(estimate)'/`r(se)'

.                                 estadd scalar p4p_gains_p = round(2*ttail(e(df_r),abs(`t')),0.001)

added scalar:
        e(p4p_gains_p) =  .07

.                                 
.                                 su z_final_score if e(sample)==1 & control==1

    Variable |        Obs        Mean    Std. dev.       Min        Max
-------------+---------------------------------------------------------
z_final_sc~e |         52    .0089547    .4428871  -1.000861   1.150372

.                                 estadd scalar mean =  round(`r(mean)',0.001)

added scalar:
               e(mean) =  .009

.                                 
.                                 testparm levels gains p4p, equal                        

 ( 1)  - levels + gains = 0
 ( 2)  - levels + p4p = 0

       F(  2,   193) =    1.69
            Prob > F =    0.1875

.                                 estadd scalar testequal_p = round(`r(p)',0.001)

added scalar:
        e(testequal_p) =  .188

.                                 
.                                 
.         eststo: xi: reg z_final_score $inc_design $base_covs $other_covs i.countyid
i.countyid        _Icountyid_101-207  (naturally coded; _Icountyid_101 omitted)

      Source |       SS           df       MS      Number of obs   =       214
-------------+----------------------------------   F(28, 185)      =     16.76
       Model |  41.6023658        28  1.48579878   Prob > F        =    0.0000
    Residual |  16.3997635       185  .088647371   R-squared       =    0.7173
-------------+----------------------------------   Adj R-squared   =    0.6745
       Total |  58.0021293       213  .272310466   Root MSE        =    .29774

------------------------------------------------------------------------------------
     z_final_score | Coefficient  Std. err.      t    P>|t|     [95% conf. interval]
-------------------+----------------------------------------------------------------
            levels |   .0710126   .0603054     1.18   0.240    -.0479621    .1899873
             gains |  -.0372867    .059972    -0.62   0.535    -.1556036    .0810303
               p4p |   .1100946   .0604657     1.82   0.070    -.0091963    .2293855
        zmathbase1 |   .3685509   .0673003     5.48   0.000     .2357761    .5013258
        zmathbase2 |   .3991266   .0629189     6.34   0.000     .2749958    .5232575
            female |   .0918586   .2034331     0.45   0.652    -.3094885    .4932057
            stuage |  -.0118973   .0686846    -0.17   0.863    -.1474031    .1236086
        dad_jhs_yn |  -.0348034   .1760803    -0.20   0.844     -.382187    .3125802
        mom_jhs_yn |   .1176271   .1918015     0.61   0.540    -.2607724    .4960265
               ses |  -.0477741   .0892883    -0.54   0.593    -.2239283    .1283801
        class_size |   .0040382     .00174     2.32   0.021     .0006054     .007471
teacher_experience |   .0007854   .0026159     0.30   0.764    -.0043754    .0059463
   teacher_basepay |  -.0000568   .0000275    -2.07   0.040    -.0001111   -2.59e-06
    _Icountyid_104 |   .2274115   .1196791     1.90   0.059    -.0086998    .4635227
    _Icountyid_105 |   -.006551   .1237067    -0.05   0.958    -.2506083    .2375063
    _Icountyid_106 |  -.0897102   .1229319    -0.73   0.466    -.3322389    .1528185
    _Icountyid_107 |   .1511069   .1351403     1.12   0.265    -.1155074    .4177211
    _Icountyid_108 |   .1433487   .1563124     0.92   0.360    -.1650354    .4517327
    _Icountyid_109 |  -.0386114   .1472236    -0.26   0.793    -.3290644    .2518415
    _Icountyid_110 |   .1450969    .145055     1.00   0.318    -.1410778    .4312716
    _Icountyid_111 |   .1560826   .1945083     0.80   0.423    -.2276569    .5398221
    _Icountyid_201 |  -.2047646   .1387419    -1.48   0.142    -.4784843    .0689552
    _Icountyid_202 |  -.3235764   .1329494    -2.43   0.016    -.5858683   -.0612845
    _Icountyid_203 |    -.42816   .1510164    -2.84   0.005    -.7260957   -.1302244
    _Icountyid_204 |  -.3763064   .1502101    -2.51   0.013    -.6726513   -.0799614
    _Icountyid_205 |  -.2056295   .1423373    -1.44   0.150    -.4864425    .0751835
    _Icountyid_206 |  -.4490497   .1528135    -2.94   0.004    -.7505309   -.1475684
    _Icountyid_207 |  -.2580618   .1408478    -1.83   0.069    -.5359361    .0198126
             _cons |   .2195652   .8577601     0.26   0.798    -1.472684    1.911814
------------------------------------------------------------------------------------
(est6 stored)

.                                 lincom gains - levels

 ( 1)  - levels + gains = 0

------------------------------------------------------------------------------
z_final_sc~e | Coefficient  Std. err.      t    P>|t|     [95% conf. interval]
-------------+----------------------------------------------------------------
         (1) |  -.1082993   .0597504    -1.81   0.072    -.2261791    .0095806
------------------------------------------------------------------------------

.                                 estadd scalar gains_levels = round(`r(estimate)',0.001)

added scalar:
       e(gains_levels) =  -.108

.                                 local t = `r(estimate)'/`r(se)'

.                                 estadd scalar gains_levels_p = round(2*ttail(e(df_r),abs(`t')),0.001)

added scalar:
     e(gains_levels_p) =  .072

.                                 
.                                 lincom p4p - levels

 ( 1)  - levels + p4p = 0

------------------------------------------------------------------------------
z_final_sc~e | Coefficient  Std. err.      t    P>|t|     [95% conf. interval]
-------------+----------------------------------------------------------------
         (1) |    .039082    .058899     0.66   0.508    -.0771182    .1552821
------------------------------------------------------------------------------

.                                 estadd scalar p4p_levels = round(`r(estimate)',0.001)

added scalar:
         e(p4p_levels) =  .039

.                                 local t = `r(estimate)'/`r(se)'

.                                 estadd scalar p4p_levels_p = round(2*ttail(e(df_r),abs(`t')),0.001)

added scalar:
       e(p4p_levels_p) =  .508

.                                 
.                                 lincom p4p - gains

 ( 1)  - gains + p4p = 0

------------------------------------------------------------------------------
z_final_sc~e | Coefficient  Std. err.      t    P>|t|     [95% conf. interval]
-------------+----------------------------------------------------------------
         (1) |   .1473813   .0600805     2.45   0.015     .0288503    .2659123
------------------------------------------------------------------------------

.                                 estadd scalar p4p_gains = round(`r(estimate)',0.001)

added scalar:
          e(p4p_gains) =  .147

.                                 local t = `r(estimate)'/`r(se)'

.                                 estadd scalar p4p_gains_p = round(2*ttail(e(df_r),abs(`t')),0.001)

added scalar:
        e(p4p_gains_p) =  .015

.                                 
.                                 su z_final_score if e(sample)==1 & control==1

    Variable |        Obs        Mean    Std. dev.       Min        Max
-------------+---------------------------------------------------------
z_final_sc~e |         52    .0089547    .4428871  -1.000861   1.150372

.                                 estadd scalar mean =  round(`r(mean)',0.001)    

added scalar:
               e(mean) =  .009

.                                 
.                                 testparm levels gains p4p, equal                        

 ( 1)  - levels + gains = 0
 ( 2)  - levels + p4p = 0

       F(  2,   185) =    3.21
            Prob > F =    0.0426

.                                 estadd scalar testequal_p = round(`r(p)',0.001)

added scalar:
        e(testequal_p) =  .043

.                                                         
.         eststo: xi: reg z_final_score $inc_design $base_covs i.countyid if small==1 | control==1
i.countyid        _Icountyid_101-207  (naturally coded; _Icountyid_101 omitted)

      Source |       SS           df       MS      Number of obs   =       137
-------------+----------------------------------   F(20, 116)      =     11.08
       Model |  22.3585816        20  1.11792908   Prob > F        =    0.0000
    Residual |  11.6986736       116  .100850635   R-squared       =    0.6565
-------------+----------------------------------   Adj R-squared   =    0.5973
       Total |  34.0572552       136  .250420994   Root MSE        =    .31757

--------------------------------------------------------------------------------
 z_final_score | Coefficient  Std. err.      t    P>|t|     [95% conf. interval]
---------------+----------------------------------------------------------------
        levels |   .0189895   .0773407     0.25   0.806    -.1341936    .1721725
         gains |   .0082211   .0750099     0.11   0.913    -.1403455    .1567876
           p4p |   .0372461   .0758016     0.49   0.624    -.1128885    .1873808
    zmathbase1 |   .3811146   .0840176     4.54   0.000     .2147072    .5475219
    zmathbase2 |   .3609607    .081054     4.45   0.000      .200423    .5214983
_Icountyid_104 |   .1013105   .1549469     0.65   0.515    -.2055814    .4082023
_Icountyid_105 |   .0122609   .1581213     0.08   0.938    -.3009183      .32544
_Icountyid_106 |  -.1101825   .1497807    -0.74   0.463     -.406842     .186477
_Icountyid_107 |   .1396627   .1639658     0.85   0.396    -.1850922    .4644176
_Icountyid_108 |   .0667222   .1913137     0.35   0.728    -.3121987     .445643
_Icountyid_109 |  -.1029353   .1522103    -0.68   0.500    -.4044071    .1985364
_Icountyid_110 |    -.03946   .1721297    -0.23   0.819    -.3803846    .3014645
_Icountyid_111 |   .0148917   .3434307     0.04   0.965    -.6653161    .6950995
_Icountyid_201 |   -.198546   .1367522    -1.45   0.149    -.4694011     .072309
_Icountyid_202 |  -.3958992   .1371014    -2.89   0.005    -.6674459   -.1243526
_Icountyid_203 |  -.4550072   .1551603    -2.93   0.004    -.7623217   -.1476927
_Icountyid_204 |  -.3863531   .1377124    -2.81   0.006    -.6591098   -.1135964
_Icountyid_205 |  -.2071689   .1546957    -1.34   0.183    -.5135632    .0992255
_Icountyid_206 |  -.4825846   .1557358    -3.10   0.002    -.7910389   -.1741302
_Icountyid_207 |  -.1017513   .1617666    -0.63   0.531    -.4221504    .2186478
         _cons |   .2092351   .1120111     1.87   0.064    -.0126171    .4310872
--------------------------------------------------------------------------------
(est7 stored)

.                                 lincom gains - levels

 ( 1)  - levels + gains = 0

------------------------------------------------------------------------------
z_final_sc~e | Coefficient  Std. err.      t    P>|t|     [95% conf. interval]
-------------+----------------------------------------------------------------
         (1) |  -.0107684   .0859126    -0.13   0.900    -.1809291    .1593922
------------------------------------------------------------------------------

.                                 estadd scalar gains_levels = round(`r(estimate)',0.001)

added scalar:
       e(gains_levels) =  -.011

.                                 local t = `r(estimate)'/`r(se)'

.                                 estadd scalar gains_levels_p = round(2*ttail(e(df_r),abs(`t')),0.001)

added scalar:
     e(gains_levels_p) =  .9

.                                 
.                                 lincom p4p - levels

 ( 1)  - levels + p4p = 0

------------------------------------------------------------------------------
z_final_sc~e | Coefficient  Std. err.      t    P>|t|     [95% conf. interval]
-------------+----------------------------------------------------------------
         (1) |   .0182567   .0872818     0.21   0.835     -.154616    .1911293
------------------------------------------------------------------------------

.                                 estadd scalar p4p_levels = round(`r(estimate)',0.001)

added scalar:
         e(p4p_levels) =  .018

.                                 local t = `r(estimate)'/`r(se)'

.                                 estadd scalar p4p_levels_p = round(2*ttail(e(df_r),abs(`t')),0.001)

added scalar:
       e(p4p_levels_p) =  .835

.                                 
.                                 lincom p4p - gains

 ( 1)  - gains + p4p = 0

------------------------------------------------------------------------------
z_final_sc~e | Coefficient  Std. err.      t    P>|t|     [95% conf. interval]
-------------+----------------------------------------------------------------
         (1) |   .0290251   .0851154     0.34   0.734    -.1395566    .1976068
------------------------------------------------------------------------------

.                                 estadd scalar p4p_gains = round(`r(estimate)',0.001)

added scalar:
          e(p4p_gains) =  .029

.                                 local t = `r(estimate)'/`r(se)'

.                                 estadd scalar p4p_gains_p = round(2*ttail(e(df_r),abs(`t')),0.001)

added scalar:
        e(p4p_gains_p) =  .734

.                                 su z_final_score if e(sample)==1 & control==1

    Variable |        Obs        Mean    Std. dev.       Min        Max
-------------+---------------------------------------------------------
z_final_sc~e |         52    .0089547    .4428871  -1.000861   1.150372

.                                 estadd scalar mean =  round(`r(mean)',0.001)

added scalar:
               e(mean) =  .009

.                                 
.                                 testparm levels gains p4p, equal                        

 ( 1)  - levels + gains = 0
 ( 2)  - levels + p4p = 0

       F(  2,   116) =    0.06
            Prob > F =    0.9427

.                                 estadd scalar testequal_p = round(`r(p)',0.001)

added scalar:
        e(testequal_p) =  .943

.                                 
.         eststo: xi: reg z_final_score $inc_design $base_covs $other_covs i.countyid if small==1 | control==1
i.countyid        _Icountyid_101-207  (naturally coded; _Icountyid_101 omitted)

      Source |       SS           df       MS      Number of obs   =       137
-------------+----------------------------------   F(28, 108)      =      8.10
       Model |  23.0664961        28  .823803433   Prob > F        =    0.0000
    Residual |  10.9907591       108  .101766288   R-squared       =    0.6773
-------------+----------------------------------   Adj R-squared   =    0.5936
       Total |  34.0572552       136  .250420994   Root MSE        =    .31901

------------------------------------------------------------------------------------
     z_final_score | Coefficient  Std. err.      t    P>|t|     [95% conf. interval]
-------------------+----------------------------------------------------------------
            levels |   .0458528   .0799951     0.57   0.568    -.1127113     .204417
             gains |  -.0024739   .0780432    -0.03   0.975    -.1571691    .1522213
               p4p |   .0797521   .0806939     0.99   0.325    -.0801971    .2397014
        zmathbase1 |   .3444177   .0879795     3.91   0.000     .1700271    .5188082
        zmathbase2 |   .3329661   .0840229     3.96   0.000     .1664182    .4995141
            female |  -.2677241   .2785315    -0.96   0.339    -.8198217    .2843736
            stuage |  -.0354952    .088208    -0.40   0.688    -.2103388    .1393484
        dad_jhs_yn |  -.0138384   .2276177    -0.06   0.952    -.4650161    .4373392
        mom_jhs_yn |   .2177596   .2562943     0.85   0.397    -.2902602    .7257794
               ses |   .0207638   .1278055     0.16   0.871    -.2325688    .2740965
        class_size |   .0039415    .002334     1.69   0.094    -.0006849    .0085678
teacher_experience |   .0003202   .0038824     0.08   0.934    -.0073754    .0080158
   teacher_basepay |  -.0000418   .0000378    -1.11   0.271    -.0001167     .000033
    _Icountyid_104 |   .2048536   .1649079     1.24   0.217    -.1220225    .5317297
    _Icountyid_105 |   .1327584   .1781622     0.75   0.458    -.2203899    .4859068
    _Icountyid_106 |   -.034735   .1619604    -0.21   0.831    -.3557686    .2862986
    _Icountyid_107 |   .1666968   .1986993     0.84   0.403    -.2271597    .5605533
    _Icountyid_108 |   .2344679   .2055534     1.14   0.257    -.1729746    .6419105
    _Icountyid_109 |  -.0748231   .1879816    -0.40   0.691    -.4474352    .2977891
    _Icountyid_110 |   .1621874   .2136351     0.76   0.449    -.2612744    .5856491
    _Icountyid_111 |   .0662382   .3754748     0.18   0.860    -.6780179    .8104944
    _Icountyid_201 |  -.1390117   .1817477    -0.76   0.446    -.4992672    .2212438
    _Icountyid_202 |  -.3575063   .1807636    -1.98   0.051    -.7158111    .0007985
    _Icountyid_203 |  -.3589598   .2014061    -1.78   0.078    -.7581816    .0402621
    _Icountyid_204 |  -.3118568   .1990773    -1.57   0.120    -.7064626    .0827489
    _Icountyid_205 |  -.1280519   .1874712    -0.68   0.496    -.4996523    .2435485
    _Icountyid_206 |  -.3985825   .2114183    -1.89   0.062    -.8176502    .0204852
    _Icountyid_207 |  -.0939602   .1968782    -0.48   0.634     -.484207    .2962866
             _cons |    .602388   1.115652     0.54   0.590    -1.609028    2.813804
------------------------------------------------------------------------------------
(est8 stored)

.                                 lincom gains - levels

 ( 1)  - levels + gains = 0

------------------------------------------------------------------------------
z_final_sc~e | Coefficient  Std. err.      t    P>|t|     [95% conf. interval]
-------------+----------------------------------------------------------------
         (1) |  -.0483268   .0913906    -0.53   0.598    -.2294787    .1328252
------------------------------------------------------------------------------

.                                 estadd scalar gains_levels = round(`r(estimate)',0.001)

added scalar:
       e(gains_levels) =  -.048

.                                 local t = `r(estimate)'/`r(se)'

.                                 estadd scalar gains_levels_p = round(2*ttail(e(df_r),abs(`t')),0.001)

added scalar:
     e(gains_levels_p) =  .598

.                                 
.                                 lincom p4p - levels

 ( 1)  - levels + p4p = 0

------------------------------------------------------------------------------
z_final_sc~e | Coefficient  Std. err.      t    P>|t|     [95% conf. interval]
-------------+----------------------------------------------------------------
         (1) |   .0338993   .0900479     0.38   0.707    -.1445912    .2123899
------------------------------------------------------------------------------

.                                 estadd scalar p4p_levels = round(`r(estimate)',0.001)

added scalar:
         e(p4p_levels) =  .034

.                                 local t = `r(estimate)'/`r(se)'

.                                 estadd scalar p4p_levels_p = round(2*ttail(e(df_r),abs(`t')),0.001)

added scalar:
       e(p4p_levels_p) =  .707

.                                 
.                                 lincom p4p - gains

 ( 1)  - gains + p4p = 0

------------------------------------------------------------------------------
z_final_sc~e | Coefficient  Std. err.      t    P>|t|     [95% conf. interval]
-------------+----------------------------------------------------------------
         (1) |   .0822261   .0920697     0.89   0.374     -.100272    .2647241
------------------------------------------------------------------------------

.                                 estadd scalar p4p_gains = round(`r(estimate)',0.001)

added scalar:
          e(p4p_gains) =  .082

.                                 local t = `r(estimate)'/`r(se)'

.                                 estadd scalar p4p_gains_p = round(2*ttail(e(df_r),abs(`t')),0.001)

added scalar:
        e(p4p_gains_p) =  .374

.                                 su z_final_score if e(sample)==1 & control==1

    Variable |        Obs        Mean    Std. dev.       Min        Max
-------------+---------------------------------------------------------
z_final_sc~e |         52    .0089547    .4428871  -1.000861   1.150372

.                                 estadd scalar mean =  round(`r(mean)',0.001)

added scalar:
               e(mean) =  .009

.                                 
.                                 testparm levels gains p4p, equal                        

 ( 1)  - levels + gains = 0
 ( 2)  - levels + p4p = 0

       F(  2,   108) =    0.40
            Prob > F =    0.6701

.                                 estadd scalar testequal_p = round(`r(p)',0.001)         

added scalar:
        e(testequal_p) =  .67

.                                 
.         eststo: xi: reg z_final_score $inc_design $base_covs i.countyid if big==1 | control==1
i.countyid        _Icountyid_101-207  (naturally coded; _Icountyid_101 omitted)

      Source |       SS           df       MS      Number of obs   =       129
-------------+----------------------------------   F(20, 108)      =     19.70
       Model |  26.7073224        20  1.33536612   Prob > F        =    0.0000
    Residual |  7.32236171       108  .067799645   R-squared       =    0.7848
-------------+----------------------------------   Adj R-squared   =    0.7450
       Total |  34.0296841       128  .265856907   Root MSE        =    .26038

--------------------------------------------------------------------------------
 z_final_score | Coefficient  Std. err.      t    P>|t|     [95% conf. interval]
---------------+----------------------------------------------------------------
        levels |   .0754285   .0644176     1.17   0.244    -.0522583    .2031153
         gains |  -.0547811   .0643445    -0.85   0.396    -.1823232    .0727609
           p4p |   .1478419   .0655673     2.25   0.026     .0178762    .2778076
    zmathbase1 |   .3775858     .07815     4.83   0.000     .2226788    .5324927
    zmathbase2 |   .4044117   .0768497     5.26   0.000     .2520822    .5567411
_Icountyid_104 |   .1750081   .1198963     1.46   0.147    -.0626471    .4126633
_Icountyid_105 |  -.0562028   .1230738    -0.46   0.649    -.3001565    .1877509
_Icountyid_106 |  -.1872827   .1253755    -1.49   0.138    -.4357987    .0612332
_Icountyid_107 |   .0591899   .1387126     0.43   0.670    -.2157626    .3341424
_Icountyid_108 |   .1468411   .1748609     0.84   0.403    -.1997636    .4934458
_Icountyid_109 |   .0349386   .1475521     0.24   0.813    -.2575352    .3274124
_Icountyid_110 |   .1624964   .1400088     1.16   0.248    -.1150253    .4400181
_Icountyid_111 |   .1101395   .1763956     0.62   0.534    -.2395072    .4597862
_Icountyid_201 |  -.1939333   .1207695    -1.61   0.111    -.4333194    .0454529
_Icountyid_202 |  -.2768451   .1127057    -2.46   0.016    -.5002474   -.0534427
_Icountyid_203 |  -.3947965    .132199    -2.99   0.003    -.6568379   -.1327551
_Icountyid_204 |  -.2980937   .1189825    -2.51   0.014    -.5339378   -.0622497
_Icountyid_205 |  -.2812877   .1332762    -2.11   0.037    -.5454641   -.0171112
_Icountyid_206 |   -.396349   .1286232    -3.08   0.003    -.6513025   -.1413956
_Icountyid_207 |  -.3029371   .1394062    -2.17   0.032    -.5792645   -.0266098
         _cons |   .1773282   .0922457     1.92   0.057    -.0055189    .3601752
--------------------------------------------------------------------------------
(est9 stored)

.                                 lincom gains - levels

 ( 1)  - levels + gains = 0

------------------------------------------------------------------------------
z_final_sc~e | Coefficient  Std. err.      t    P>|t|     [95% conf. interval]
-------------+----------------------------------------------------------------
         (1) |  -.1302097   .0731833    -1.78   0.078    -.2752716    .0148523
------------------------------------------------------------------------------

.                                 estadd scalar gains_levels = round(`r(estimate)',0.001)

added scalar:
       e(gains_levels) =  -.13

.                                 local t = `r(estimate)'/`r(se)'

.                                 estadd scalar gains_levels_p = round(2*ttail(e(df_r),abs(`t')),0.001)

added scalar:
     e(gains_levels_p) =  .078

.                                 
.                                 lincom p4p - levels

 ( 1)  - levels + p4p = 0

------------------------------------------------------------------------------
z_final_sc~e | Coefficient  Std. err.      t    P>|t|     [95% conf. interval]
-------------+----------------------------------------------------------------
         (1) |   .0724134   .0743037     0.97   0.332    -.0748693    .2196961
------------------------------------------------------------------------------

.                                 estadd scalar p4p_levels = round(`r(estimate)',0.001)

added scalar:
         e(p4p_levels) =  .072

.                                 local t = `r(estimate)'/`r(se)'

.                                 estadd scalar p4p_levels_p = round(2*ttail(e(df_r),abs(`t')),0.001)

added scalar:
       e(p4p_levels_p) =  .332

.                                 
.                                 lincom p4p - gains

 ( 1)  - gains + p4p = 0

------------------------------------------------------------------------------
z_final_sc~e | Coefficient  Std. err.      t    P>|t|     [95% conf. interval]
-------------+----------------------------------------------------------------
         (1) |    .202623   .0739617     2.74   0.007     .0560182    .3492279
------------------------------------------------------------------------------

.                                 estadd scalar p4p_gains = round(`r(estimate)',0.001)

added scalar:
          e(p4p_gains) =  .203

.                                 local t = `r(estimate)'/`r(se)'

.                                 estadd scalar p4p_gains_p = round(2*ttail(e(df_r),abs(`t')),0.001)

added scalar:
        e(p4p_gains_p) =  .007

.                                 su z_final_score if e(sample)==1 & control==1

    Variable |        Obs        Mean    Std. dev.       Min        Max
-------------+---------------------------------------------------------
z_final_sc~e |         52    .0089547    .4428871  -1.000861   1.150372

.                                 estadd scalar mean =  round(`r(mean)',0.001)

added scalar:
               e(mean) =  .009

.                                 
.                                 testparm levels gains p4p, equal                        

 ( 1)  - levels + gains = 0
 ( 2)  - levels + p4p = 0

       F(  2,   108) =    3.88
            Prob > F =    0.0236

.                                 estadd scalar testequal_p = round(`r(p)',0.001)

added scalar:
        e(testequal_p) =  .024

.                                 
.         eststo: xi: reg z_final_score $inc_design $base_covs $other_covs i.countyid if big==1 | control==1
i.countyid        _Icountyid_101-207  (naturally coded; _Icountyid_101 omitted)

      Source |       SS           df       MS      Number of obs   =       129
-------------+----------------------------------   F(28, 100)      =     14.60
       Model |  27.3430363        28  .976537011   Prob > F        =    0.0000
    Residual |  6.68664778       100  .066866478   R-squared       =    0.8035
-------------+----------------------------------   Adj R-squared   =    0.7485
       Total |  34.0296841       128  .265856907   Root MSE        =    .25859

------------------------------------------------------------------------------------
     z_final_score | Coefficient  Std. err.      t    P>|t|     [95% conf. interval]
-------------------+----------------------------------------------------------------
            levels |   .0573348   .0662795     0.87   0.389    -.0741618    .1888313
             gains |  -.0752356   .0665573    -1.13   0.261    -.2072835    .0568122
               p4p |   .1399531   .0658438     2.13   0.036      .009321    .2705853
        zmathbase1 |   .4058407   .0852038     4.76   0.000     .2367988    .5748827
        zmathbase2 |   .3830531   .0789861     4.85   0.000     .2263469    .5397592
            female |   .6077832   .2569495     2.37   0.020     .0980027    1.117564
            stuage |    .127408   .0838735     1.52   0.132    -.0389947    .2938106
        dad_jhs_yn |  -.0790554   .2257864    -0.35   0.727    -.5270093    .3688984
        mom_jhs_yn |   .1960518   .2503232     0.78   0.435    -.3005823    .6926859
               ses |  -.0390602   .1066424    -0.37   0.715    -.2506357    .1725154
        class_size |   .0008117   .0022544     0.36   0.720     -.003661    .0052844
teacher_experience |    .000566   .0028646     0.20   0.844    -.0051172    .0062492
   teacher_basepay |  -.0000319    .000033    -0.97   0.336    -.0000974    .0000336
    _Icountyid_104 |   .1382898   .1263229     1.09   0.276    -.1123312    .3889107
    _Icountyid_105 |  -.0894507   .1314864    -0.68   0.498     -.350316    .1714145
    _Icountyid_106 |  -.2657784   .1373263    -1.94   0.056    -.5382298     .006673
    _Icountyid_107 |   .0477005   .1578148     0.30   0.763    -.2653996    .3608006
    _Icountyid_108 |   .0741709   .1942515     0.38   0.703    -.3112187    .4595604
    _Icountyid_109 |  -.0018325    .179104    -0.01   0.992    -.3571698    .3535048
    _Icountyid_110 |   .0630236   .1642348     0.38   0.702    -.2628136    .3888607
    _Icountyid_111 |   .0149655   .2109108     0.07   0.944    -.4034755    .4334066
    _Icountyid_201 |  -.3849084   .1654493    -2.33   0.022    -.7131552   -.0566616
    _Icountyid_202 |  -.3756204   .1577842    -2.38   0.019    -.6886598   -.0625809
    _Icountyid_203 |  -.5480583   .1830423    -2.99   0.003    -.9112089   -.1849076
    _Icountyid_204 |  -.4960544   .1752379    -2.83   0.006    -.8437213   -.1483875
    _Icountyid_205 |  -.3894423   .1648189    -2.36   0.020    -.7164383   -.0624464
    _Icountyid_206 |  -.5625401   .1759974    -3.20   0.002     -.911714   -.2133663
    _Icountyid_207 |  -.4417383   .1695194    -2.61   0.011      -.77806   -.1054167
             _cons |  -1.526698   1.040752    -1.47   0.146     -3.59152    .5381244
------------------------------------------------------------------------------------
(est10 stored)

.                                 lincom gains - levels

 ( 1)  - levels + gains = 0

------------------------------------------------------------------------------
z_final_sc~e | Coefficient  Std. err.      t    P>|t|     [95% conf. interval]
-------------+----------------------------------------------------------------
         (1) |  -.1325704   .0760155    -1.74   0.084     -.283383    .0182422
------------------------------------------------------------------------------

.                                 estadd scalar gains_levels = round(`r(estimate)',0.001)

added scalar:
       e(gains_levels) =  -.133

.                                 local t = `r(estimate)'/`r(se)'

.                                 estadd scalar gains_levels_p = round(2*ttail(e(df_r),abs(`t')),0.001)

added scalar:
     e(gains_levels_p) =  .084

.                                 
.                                 lincom p4p - levels

 ( 1)  - levels + p4p = 0

------------------------------------------------------------------------------
z_final_sc~e | Coefficient  Std. err.      t    P>|t|     [95% conf. interval]
-------------+----------------------------------------------------------------
         (1) |   .0826184   .0745233     1.11   0.270    -.0652336    .2304704
------------------------------------------------------------------------------

.                                 estadd scalar p4p_levels = round(`r(estimate)',0.001)

added scalar:
         e(p4p_levels) =  .083

.                                 local t = `r(estimate)'/`r(se)'

.                                 estadd scalar p4p_levels_p = round(2*ttail(e(df_r),abs(`t')),0.001)

added scalar:
       e(p4p_levels_p) =  .27

.                                 
.                                 lincom p4p - gains

 ( 1)  - gains + p4p = 0

------------------------------------------------------------------------------
z_final_sc~e | Coefficient  Std. err.      t    P>|t|     [95% conf. interval]
-------------+----------------------------------------------------------------
         (1) |   .2151888   .0754082     2.85   0.005     .0655811    .3647965
------------------------------------------------------------------------------

.                                 estadd scalar p4p_gains = round(`r(estimate)',0.001)

added scalar:
          e(p4p_gains) =  .215

.                                 local t = `r(estimate)'/`r(se)'

.                                 estadd scalar p4p_gains_p = round(2*ttail(e(df_r),abs(`t')),0.001)

added scalar:
        e(p4p_gains_p) =  .005

.                                 su z_final_score if e(sample)==1 & control==1

    Variable |        Obs        Mean    Std. dev.       Min        Max
-------------+---------------------------------------------------------
z_final_sc~e |         52    .0089547    .4428871  -1.000861   1.150372

.                                 estadd scalar mean =  round(`r(mean)',0.001)

added scalar:
               e(mean) =  .009

.                                 
.                                 testparm levels gains p4p, equal /*ADDED F-TEST OF EQUALITY OF ALL COEFFICIENTS*/

 ( 1)  - levels + gains = 0
 ( 2)  - levels + p4p = 0

       F(  2,   100) =    4.12
            Prob > F =    0.0190

.                                 estadd scalar testequal_p = round(`r(p)',0.001)

added scalar:
        e(testequal_p) =  .019

.                                 
. esttab using "`outdir'/AppTable3.csv", nolabel b(3) se(3) obslast star(* 0.10 ** 0.05 *** 0.01) ///
>                 drop(_I* $base_covs $other_covs _cons) replace ///
>                 scalar("big_small Large - Small" "big_small_p P-value: Large - Small" ///
>                 "gains_levels Gains - Levels" "gains_levels_p P-value: Gains - Levels" ///
>                 "p4p_levels P4P - Levels" "p4p_levels_p P-value: P4P - Levels" ///
>                 "p4p_gains P4P - Gains" "p4p_gains_p P-value: P4P - Gains" "mean Mean in Control Group" ///
>                 "testequal_p P-value: Coeffs Equal") 
(file E:\One Drive\OneDrive - connect.hku.hk\Desktop\test/output/replication/AppTable3.csv not found)
(output written to E:\One Drive\OneDrive - connect.hku.hk\Desktop\test/output/replication/AppTable3.csv)

.         
.         /* Romano-Wolf Multiple Hyp Tests*/
.         kfwebs (z_final_score levels gains p4p $base_covs i.countyid), ///
>                         testvar(levels gains p4p) kvalue(1) alphas(.05 .1) reps(5) ///
>                         seed(1001) strata(countyid) cluster(schid) ///
>                         hypadd(gains-levels;p4p-levels;p4p-gains) 


Resampling: (% of 5 reps)
[0%--------------------------50%---------------------------100%]
[     .     .     .     .     .  ] 
 
 
Number of hypotheses = 6                              alpha = .05
Number of Reps       = 5                              k     = 1
-----------------------------------------------------------------
 Hypothesis               betas    p-values   ranking   rejected
-----------------------------------------------------------------
 z_final_score
   levels               .0446225    0.3946        4         0
   gains               -.0183064    0.7372        6         0
   p4p                  .0875256    0.1571        2         1
   gains-levels        -.0629289    0.2777        3         0
   p4p-levels           .0429032    0.4933        5         0
   p4p-gains            .1058321    0.1049        1         1
-----------------------------------------------------------------
H0: beta = 0
 
 
 
Number of hypotheses = 6                              alpha = .1
Number of Reps       = 5                              k     = 1
-----------------------------------------------------------------
 Hypothesis               betas    p-values   ranking   rejected
-----------------------------------------------------------------
 z_final_score
   levels               .0446225    0.3946        4         0
   gains               -.0183064    0.7372        6         0
   p4p                  .0875256    0.1571        2         1
   gains-levels        -.0629289    0.2777        3         0
   p4p-levels           .0429032    0.4933        5         0
   p4p-gains            .1058321    0.1049        1         1
-----------------------------------------------------------------
H0: beta = 0

.                         
.         kfwebs (z_final_score levels gains p4p $base_covs $other_covs i.countyid), ///
>                         testvar(levels gains p4p) kvalue(1) alphas(.05 .1) reps(5) ///
>                         seed(1001) strata(countyid) cluster(schid) ///
>                         hypadd(gains-levels;p4p-levels;p4p-gains) 


Resampling: (% of 5 reps)
[0%--------------------------50%---------------------------100%]
[     .     .     .     .     .  ] 
 
 
Number of hypotheses = 6                              alpha = .05
Number of Reps       = 5                              k     = 1
-----------------------------------------------------------------
 Hypothesis               betas    p-values   ranking   rejected
-----------------------------------------------------------------
 z_final_score
   levels               .0710126    0.2113        4         0
   gains               -.0372867    0.5099        5         0
   p4p                  .1100946    0.1056        3         1
   gains-levels        -.1082993    0.0681        2         1
   p4p-levels            .039082    0.5357        6         0
   p4p-gains            .1473813    0.0287        1         1
-----------------------------------------------------------------
H0: beta = 0
 
 
 
Number of hypotheses = 6                              alpha = .1
Number of Reps       = 5                              k     = 1
-----------------------------------------------------------------
 Hypothesis               betas    p-values   ranking   rejected
-----------------------------------------------------------------
 z_final_score
   levels               .0710126    0.2113        4         0
   gains               -.0372867    0.5099        5         0
   p4p                  .1100946    0.1056        3         1
   gains-levels        -.1082993    0.0681        2         1
   p4p-levels            .039082    0.5357        6         0
   p4p-gains            .1473813    0.0287        1         1
-----------------------------------------------------------------
H0: beta = 0

.                         
. 
.         kfwebs (z_final_score small big $base_covs i.countyid), ///
>                         testvar(small big) kvalue(1) alphas(.05 .1) reps(5) ///
>                         seed(1001) strata(countyid) cluster(schid) ///
>                         hypadd(small-big)               


Resampling: (% of 5 reps)
[0%--------------------------50%---------------------------100%]
[     .     .     .     .     .  ] 
 
 
Number of hypotheses = 3                              alpha = .05
Number of Reps       = 5                              k     = 1
-----------------------------------------------------------------
 Hypothesis               betas    p-values   ranking   rejected
-----------------------------------------------------------------
 z_final_score
   small                .0229054    0.6642        3         0
   big                  .0537671    0.2531        1         1
   small-big           -.0308617    0.5267        2         0
-----------------------------------------------------------------
H0: beta = 0
 
 
 
Number of hypotheses = 3                              alpha = .1
Number of Reps       = 5                              k     = 1
-----------------------------------------------------------------
 Hypothesis               betas    p-values   ranking   rejected
-----------------------------------------------------------------
 z_final_score
   small                .0229054    0.6642        3         0
   big                  .0537671    0.2531        1         1
   small-big           -.0308617    0.5267        2         0
-----------------------------------------------------------------
H0: beta = 0

.                         
.         kfwebs (z_final_score small big $base_covs $other_covs i.countyid), ///
>                         testvar(small big) kvalue(1) alphas(.05 .1) reps(5) ///
>                         seed(1001) strata(countyid) cluster(schid) ///
>                         hypadd(small-big)       


Resampling: (% of 5 reps)
[0%--------------------------50%---------------------------100%]
[     .     .     .     .     .  ] 
 
 
Number of hypotheses = 3                              alpha = .05
Number of Reps       = 5                              k     = 1
-----------------------------------------------------------------
 Hypothesis               betas    p-values   ranking   rejected
-----------------------------------------------------------------
 z_final_score
   small                .0352583    0.5500        2         0
   big                  .0568876    0.2538        1         1
   small-big           -.0216293    0.6717        3         0
-----------------------------------------------------------------
H0: beta = 0
 
 
 
Number of hypotheses = 3                              alpha = .1
Number of Reps       = 5                              k     = 1
-----------------------------------------------------------------
 Hypothesis               betas    p-values   ranking   rejected
-----------------------------------------------------------------
 z_final_score
   small                .0352583    0.5500        2         0
   big                  .0568876    0.2538        1         1
   small-big           -.0216293    0.6717        3         0
-----------------------------------------------------------------
H0: beta = 0

.                         
.         kfwebs (z_final_score levels gains p4p $base_covs i.countyid) if small==1|control==1, ///
>                         testvar(levels gains p4p) kvalue(1) alphas(.05 .1) reps(5) ///
>                         seed(1001) strata(countyid) cluster(schid) ///
>                         hypadd(gains-levels;p4p-levels;p4p-gains)


Resampling: (% of 5 reps)
[0%--------------------------50%---------------------------100%]
[     .     .     .     .     .  ] 
 
 
Number of hypotheses = 6                              alpha = .05
Number of Reps       = 5                              k     = 1
-----------------------------------------------------------------
 Hypothesis               betas    p-values   ranking   rejected
-----------------------------------------------------------------
 z_final_score
   levels               .0189895    0.7725        2         0
   gains                .0082211    0.9113        6         0
   p4p                  .0372461    0.6806        1         0
   gains-levels        -.0107684    0.9020        5         0
   p4p-levels           .0182567    0.8442        4         0
   p4p-gains            .0290251    0.7817        3         0
-----------------------------------------------------------------
H0: beta = 0
 
 
 
Number of hypotheses = 6                              alpha = .1
Number of Reps       = 5                              k     = 1
-----------------------------------------------------------------
 Hypothesis               betas    p-values   ranking   rejected
-----------------------------------------------------------------
 z_final_score
   levels               .0189895    0.7725        2         0
   gains                .0082211    0.9113        6         0
   p4p                  .0372461    0.6806        1         0
   gains-levels        -.0107684    0.9020        5         0
   p4p-levels           .0182567    0.8442        4         0
   p4p-gains            .0290251    0.7817        3         0
-----------------------------------------------------------------
H0: beta = 0

.                         
.         kfwebs (z_final_score levels gains p4p $base_covs $other_covs i.countyid) if small==1|control==1, ///
>                         testvar(levels gains p4p) kvalue(1) alphas(.05 .1) reps(5) ///
>                         seed(1001) strata(countyid) cluster(schid) ///
>                         hypadd(gains-levels;p4p-levels;p4p-gains)                               


Resampling: (% of 5 reps)
[0%--------------------------50%---------------------------100%]
[     .     .     .     .     .  ] 
 
 
Number of hypotheses = 6                              alpha = .05
Number of Reps       = 5                              k     = 1
-----------------------------------------------------------------
 Hypothesis               betas    p-values   ranking   rejected
-----------------------------------------------------------------
 z_final_score
   levels               .0458528    0.5266        3         0
   gains               -.0024739    0.9732        6         0
   p4p                  .0797521    0.4593        1         0
   gains-levels        -.0483268    0.5907        4         0
   p4p-levels           .0338993    0.7342        5         0
   p4p-gains            .0822261    0.4910        2         0
-----------------------------------------------------------------
H0: beta = 0
 
 
 
Number of hypotheses = 6                              alpha = .1
Number of Reps       = 5                              k     = 1
-----------------------------------------------------------------
 Hypothesis               betas    p-values   ranking   rejected
-----------------------------------------------------------------
 z_final_score
   levels               .0458528    0.5266        3         0
   gains               -.0024739    0.9732        6         0
   p4p                  .0797521    0.4593        1         0
   gains-levels        -.0483268    0.5907        4         0
   p4p-levels           .0338993    0.7342        5         0
   p4p-gains            .0822261    0.4910        2         0
-----------------------------------------------------------------
H0: beta = 0

.         
.         kfwebs (z_final_score levels gains p4p $base_covs i.countyid) if big==1|control==1, ///
>                         testvar(levels gains p4p) kvalue(1) alphas(.05 .1) reps(5) ///
>                         seed(1001) strata(countyid) cluster(schid) ///
>                         hypadd(gains-levels;p4p-levels;p4p-gains)


Resampling: (% of 5 reps)
[0%--------------------------50%---------------------------100%]
[     .     .     .     .     .  ] 
 
 
Number of hypotheses = 6                              alpha = .05
Number of Reps       = 5                              k     = 1
-----------------------------------------------------------------
 Hypothesis               betas    p-values   ranking   rejected
-----------------------------------------------------------------
 z_final_score
   levels               .0754285    0.2709        4         0
   gains               -.0547811    0.3785        5         0
   p4p                  .1478419    0.0210        2         1
   gains-levels        -.1302097    0.0901        3         1
   p4p-levels           .0724134    0.3791        6         0
   p4p-gains             .202623    0.0056        1         1
-----------------------------------------------------------------
H0: beta = 0
 
 
 
Number of hypotheses = 6                              alpha = .1
Number of Reps       = 5                              k     = 1
-----------------------------------------------------------------
 Hypothesis               betas    p-values   ranking   rejected
-----------------------------------------------------------------
 z_final_score
   levels               .0754285    0.2709        4         0
   gains               -.0547811    0.3785        5         0
   p4p                  .1478419    0.0210        2         1
   gains-levels        -.1302097    0.0901        3         1
   p4p-levels           .0724134    0.3791        6         0
   p4p-gains             .202623    0.0056        1         1
-----------------------------------------------------------------
H0: beta = 0

.                         
.         kfwebs (z_final_score levels gains p4p $base_covs $other_covs i.countyid) if big==1|control==1, ///
>                         testvar(levels gains p4p) kvalue(1) alphas(.05 .1) reps(5) ///
>                         seed(1001) strata(countyid) cluster(schid) ///
>                         hypadd(gains-levels;p4p-levels;p4p-gains)       


Resampling: (% of 5 reps)
[0%--------------------------50%---------------------------100%]
[     .     .     .     .     .  ] 
 
 
Number of hypotheses = 6                              alpha = .05
Number of Reps       = 5                              k     = 1
-----------------------------------------------------------------
 Hypothesis               betas    p-values   ranking   rejected
-----------------------------------------------------------------
 z_final_score
   levels               .0573348    0.3835        6         0
   gains               -.0752356    0.2657        4         0
   p4p                  .1399531    0.0372        2         1
   gains-levels        -.1325704    0.0830        3         0
   p4p-levels           .0826184    0.2890        5         0
   p4p-gains            .2151888    0.0052        1         1
-----------------------------------------------------------------
H0: beta = 0
 
 
 
Number of hypotheses = 6                              alpha = .1
Number of Reps       = 5                              k     = 1
-----------------------------------------------------------------
 Hypothesis               betas    p-values   ranking   rejected
-----------------------------------------------------------------
 z_final_score
   levels               .0573348    0.3835        6         0
   gains               -.0752356    0.2657        4         0
   p4p                  .1399531    0.0372        2         1
   gains-levels        -.1325704    0.0830        3         0
   p4p-levels           .0826184    0.2890        5         0
   p4p-gains            .2151888    0.0052        1         1
-----------------------------------------------------------------
H0: beta = 0

.         
.         
. restore

.         
. /*---------------------------------------------------------------------------------*/
. 
. /*---------------------------------------------------------------------------------*/
. /*APPENDIX TABLE 4: Impacts on Secondary Outcomes*/     
. 
. eststo clear

.         foreach var of varlist $secondary_stu{
  2.                 eststo: xi: reg `var' $inc_design $base_covs $other_covs i.countyid, vce(cluster schid)
  3.         }
i.countyid        _Icountyid_101-207  (naturally coded; _Icountyid_101 omitted)

Linear regression                               Number of obs     =      7,373
                                                F(28, 213)        =      23.53
                                                Prob > F          =     0.0000
                                                R-squared         =     0.1127
                                                Root MSE          =     .67046

                                      (Std. err. adjusted for 214 clusters in schid)
------------------------------------------------------------------------------------
                   |               Robust
 math_self_concept | Coefficient  std. err.      t    P>|t|     [95% conf. interval]
-------------------+----------------------------------------------------------------
            levels |   .0229686   .0404848     0.57   0.571    -.0568335    .1027707
             gains |    .012366   .0388528     0.32   0.751    -.0642192    .0889511
               p4p |  -.0106966   .0425862    -0.25   0.802    -.0946409    .0732477
        zmathbase1 |   .0991021   .0117451     8.44   0.000     .0759507    .1222536
        zmathbase2 |   .1147059   .0112763    10.17   0.000     .0924785    .1369333
            female |  -.1719247   .0176089    -9.76   0.000    -.2066348   -.1372147
            stuage |  -.0262426   .0094312    -2.78   0.006     -.044833   -.0076522
        dad_jhs_yn |   .0351469   .0162278     2.17   0.031     .0031592    .0671345
        mom_jhs_yn |   .0004466   .0180633     0.02   0.980    -.0351593    .0360524
               ses |   .0006324   .0101043     0.06   0.950    -.0192847    .0205496
        class_size |   .0012521   .0010002     1.25   0.212    -.0007194    .0032236
teacher_experience |  -.0038056   .0017743    -2.14   0.033    -.0073031   -.0003081
   teacher_basepay |  -5.44e-06   .0000159    -0.34   0.732    -.0000367    .0000258
    _Icountyid_104 |   .2806797   .0729543     3.85   0.000     .1368748    .4244846
    _Icountyid_105 |   .2153003   .0775757     2.78   0.006     .0623859    .3682146
    _Icountyid_106 |   .3200306   .0955242     3.35   0.001     .1317367    .5083246
    _Icountyid_107 |   .1835844    .082517     2.22   0.027       .02093    .3462389
    _Icountyid_108 |   .2236149   .1243292     1.80   0.074    -.0214583     .468688
    _Icountyid_109 |   .0608192   .0806203     0.75   0.451    -.0980967    .2197351
    _Icountyid_110 |   .4502886   .0966323     4.66   0.000     .2598104    .6407667
    _Icountyid_111 |   .2570088   .0633081     4.06   0.000     .1322181    .3817995
    _Icountyid_201 |   .1255803   .0556614     2.26   0.025     .0158625    .2352982
    _Icountyid_202 |   .1900907   .0586788     3.24   0.001     .0744252    .3057562
    _Icountyid_203 |    .207028   .0757132     2.73   0.007     .0577848    .3562711
    _Icountyid_204 |   .3343597   .0696967     4.80   0.000      .196976    .4717434
    _Icountyid_205 |   .1504582   .0917644     1.64   0.103    -.0304246    .3313409
    _Icountyid_206 |   .0815163   .0871715     0.94   0.351     -.090313    .2533455
    _Icountyid_207 |   .1929841   .0677576     2.85   0.005     .0594228    .3265454
             _cons |    .184096   .1342844     1.37   0.172    -.0806006    .4487926
------------------------------------------------------------------------------------
(est1 stored)
i.countyid        _Icountyid_101-207  (naturally coded; _Icountyid_101 omitted)

Linear regression                               Number of obs     =      7,373
                                                F(28, 213)        =      17.44
                                                Prob > F          =     0.0000
                                                R-squared         =     0.0941
                                                Root MSE          =     .68625

                                      (Std. err. adjusted for 214 clusters in schid)
------------------------------------------------------------------------------------
                   |               Robust
      math_anxiety | Coefficient  std. err.      t    P>|t|     [95% conf. interval]
-------------------+----------------------------------------------------------------
            levels |     .00875   .0387549     0.23   0.822    -.0676422    .0851422
             gains |    .024219   .0335916     0.72   0.472    -.0419955    .0904334
               p4p |  -.0093322   .0397672    -0.23   0.815    -.0877198    .0690554
        zmathbase1 |    .075779   .0116638     6.50   0.000     .0527877    .0987703
        zmathbase2 |   .1034085   .0100859    10.25   0.000     .0835276    .1232895
            female |    -.06552   .0167911    -3.90   0.000     -.098618    -.032422
            stuage |  -.0535141   .0096138    -5.57   0.000    -.0724645   -.0345636
        dad_jhs_yn |   .0125845   .0168565     0.75   0.456    -.0206425    .0458115
        mom_jhs_yn |   .0194856   .0177337     1.10   0.273    -.0154704    .0544417
               ses |  -.0067548   .0085081    -0.79   0.428    -.0235257     .010016
        class_size |    -.00053   .0008852    -0.60   0.550    -.0022748    .0012148
teacher_experience |  -.0039073   .0015323    -2.55   0.011    -.0069277   -.0008868
   teacher_basepay |   -.000014   .0000155    -0.90   0.367    -.0000446    .0000166
    _Icountyid_104 |   .2118664    .088518     2.39   0.018     .0373828    .3863499
    _Icountyid_105 |   .0742217   .0743697     1.00   0.319    -.0723732    .2208166
    _Icountyid_106 |   .3368942   .0838671     4.02   0.000     .1715783      .50221
    _Icountyid_107 |  -.0197702   .0651728    -0.30   0.762    -.1482365    .1086961
    _Icountyid_108 |  -.0313741   .0794648    -0.39   0.693    -.1880123    .1252641
    _Icountyid_109 |  -.0515078   .0590317    -0.87   0.384     -.167869    .0648534
    _Icountyid_110 |   .1027911    .081003     1.27   0.206     -.056879    .2624613
    _Icountyid_111 |   .1683856   .1064101     1.58   0.115    -.0413661    .3781374
    _Icountyid_201 |  -.0316365   .0526505    -0.60   0.549    -.1354193    .0721462
    _Icountyid_202 |  -.0387374   .0510401    -0.76   0.449    -.1393458    .0618709
    _Icountyid_203 |   -.016093   .0626591    -0.26   0.798    -.1396044    .1074185
    _Icountyid_204 |   .1381017    .057323     2.41   0.017     .0251087    .2510946
    _Icountyid_205 |  -.0810353   .0874452    -0.93   0.355    -.2534041    .0913335
    _Icountyid_206 |  -.0166373   .0731949    -0.23   0.820    -.1609164    .1276417
    _Icountyid_207 |   .0163565   .0542876     0.30   0.763    -.0906533    .1233663
             _cons |   .7237497    .130938     5.53   0.000     .4656495    .9818499
------------------------------------------------------------------------------------
(est2 stored)
i.countyid        _Icountyid_101-207  (naturally coded; _Icountyid_101 omitted)

Linear regression                               Number of obs     =      7,373
                                                F(28, 213)        =       5.80
                                                Prob > F          =     0.0000
                                                R-squared         =     0.0571
                                                Root MSE          =     .75421

                                      (Std. err. adjusted for 214 clusters in schid)
------------------------------------------------------------------------------------
                   |               Robust
   math_intrin_mtv | Coefficient  std. err.      t    P>|t|     [95% conf. interval]
-------------------+----------------------------------------------------------------
            levels |   .0294071   .0562478     0.52   0.602    -.0814666    .1402807
             gains |   .0931478   .0537952     1.73   0.085    -.0128914     .199187
               p4p |   .0826274   .0631036     1.31   0.192    -.0417601    .2070149
        zmathbase1 |    .049981   .0146878     3.40   0.001      .021029     .078933
        zmathbase2 |   .0810106   .0142925     5.67   0.000     .0528377    .1091836
            female |  -.0120083   .0204145    -0.59   0.557    -.0522486    .0282319
            stuage |  -.0116423   .0111162    -1.05   0.296    -.0335542    .0102697
        dad_jhs_yn |   .0279262   .0189559     1.47   0.142     -.009439    .0652914
        mom_jhs_yn |   .0167062   .0205587     0.81   0.417    -.0238184    .0572308
               ses |  -.0135762   .0100574    -1.35   0.178     -.033401    .0062485
        class_size |   .0006905   .0014253     0.48   0.629    -.0021191       .0035
teacher_experience |  -.0035024   .0026372    -1.33   0.186    -.0087008    .0016959
   teacher_basepay |  -.0000292   .0000263    -1.11   0.267     -.000081    .0000226
    _Icountyid_104 |   .3588491   .1077508     3.33   0.001     .1464545    .5712436
    _Icountyid_105 |   .1546187   .1174114     1.32   0.189    -.0768185    .3860559
    _Icountyid_106 |   .2814532   .1213949     2.32   0.021     .0421639    .5207425
    _Icountyid_107 |   .2279662   .1239536     1.84   0.067    -.0163666     .472299
    _Icountyid_108 |   .0454825   .1034747     0.44   0.661    -.1584831    .2494481
    _Icountyid_109 |   .0309431   .1255843     0.25   0.806    -.2166041    .2784902
    _Icountyid_110 |   .3482877    .136813     2.55   0.012      .078607    .6179685
    _Icountyid_111 |   .2673506    .112378     2.38   0.018     .0458352     .488866
    _Icountyid_201 |    .244875   .0883027     2.77   0.006      .070816    .4189341
    _Icountyid_202 |   .2646396   .0976157     2.71   0.007     .0722231     .457056
    _Icountyid_203 |   .3479071   .1041501     3.34   0.001     .1426102    .5532041
    _Icountyid_204 |   .5123958   .0924587     5.54   0.000     .3301446     .694647
    _Icountyid_205 |   .2474452   .1460025     1.69   0.092    -.0403497    .5352402
    _Icountyid_206 |   .1588068   .1136136     1.40   0.164    -.0651442    .3827578
    _Icountyid_207 |   .3105683   .1236737     2.51   0.013     .0667873    .5543494
             _cons |  -.0995892    .183148    -0.54   0.587    -.4606039    .2614255
------------------------------------------------------------------------------------
(est3 stored)
i.countyid        _Icountyid_101-207  (naturally coded; _Icountyid_101 omitted)

Linear regression                               Number of obs     =      7,373
                                                F(28, 213)        =       8.36
                                                Prob > F          =     0.0000
                                                R-squared         =     0.0413
                                                Root MSE          =     .74743

                                      (Std. err. adjusted for 214 clusters in schid)
------------------------------------------------------------------------------------
                   |               Robust
    math_instr_mtv | Coefficient  std. err.      t    P>|t|     [95% conf. interval]
-------------------+----------------------------------------------------------------
            levels |  -.0420186   .0456064    -0.92   0.358    -.1319163    .0478791
             gains |   .0221048   .0389204     0.57   0.571    -.0546136    .0988232
               p4p |   .0650631   .0465603     1.40   0.164    -.0267148    .1568411
        zmathbase1 |   .0383037   .0124165     3.08   0.002     .0138287    .0627786
        zmathbase2 |   .0539329   .0123027     4.38   0.000     .0296823    .0781836
            female |   .0375923   .0176594     2.13   0.034     .0027827    .0724018
            stuage |  -.0436344   .0107042    -4.08   0.000    -.0647341   -.0225347
        dad_jhs_yn |   .0321184   .0193189     1.66   0.098    -.0059624    .0701991
        mom_jhs_yn |   .0184266   .0183023     1.01   0.315    -.0176502    .0545035
               ses |  -.0060818   .0098059    -0.62   0.536    -.0254109    .0132472
        class_size |  -.0017446   .0009684    -1.80   0.073    -.0036534    .0001642
teacher_experience |   -.001351   .0019974    -0.68   0.500    -.0052883    .0025862
   teacher_basepay |  -.0000212   .0000205    -1.04   0.301    -.0000617    .0000192
    _Icountyid_104 |   .2293388   .0901463     2.54   0.012     .0516456     .407032
    _Icountyid_105 |   .0736774   .0840309     0.88   0.382    -.0919613    .2393161
    _Icountyid_106 |   .0434766   .0968001     0.45   0.654    -.1473323    .2342855
    _Icountyid_107 |   .1325688   .0900147     1.47   0.142    -.0448649    .3100026
    _Icountyid_108 |  -.0509233   .0910567    -0.56   0.577    -.2304109    .1285643
    _Icountyid_109 |  -.0740775   .0954213    -0.78   0.438    -.2621685    .1140134
    _Icountyid_110 |   .0220769   .1105678     0.20   0.842    -.1958704    .2400242
    _Icountyid_111 |   -.025906   .0943671    -0.27   0.784    -.2119189     .160107
    _Icountyid_201 |   .0802102    .082856     0.97   0.334    -.0831125     .243533
    _Icountyid_202 |   .0086842    .084065     0.10   0.918    -.1570218    .1743901
    _Icountyid_203 |   .1380736    .102805     1.34   0.181     -.064572    .3407191
    _Icountyid_204 |   .3024917   .0887798     3.41   0.001     .1274921    .4774913
    _Icountyid_205 |   .1494674   .1094328     1.37   0.173    -.0662426    .3651773
    _Icountyid_206 |  -.0217778   .1025509    -0.21   0.832    -.2239224    .1803667
    _Icountyid_207 |   .1610262   .0970647     1.66   0.099    -.0303041    .3523566
             _cons |   .5204161    .159884     3.25   0.001     .2052585    .8355738
------------------------------------------------------------------------------------
(est4 stored)
i.countyid        _Icountyid_101-207  (naturally coded; _Icountyid_101 omitted)

Linear regression                               Number of obs     =      7,373
                                                F(28, 213)        =       6.95
                                                Prob > F          =     0.0000
                                                R-squared         =     0.1117
                                                Root MSE          =     .53755

                                      (Std. err. adjusted for 214 clusters in schid)
------------------------------------------------------------------------------------
                   |               Robust
     stu_time_math | Coefficient  std. err.      t    P>|t|     [95% conf. interval]
-------------------+----------------------------------------------------------------
            levels |   .0311434   .0556365     0.56   0.576    -.0785254    .1408121
             gains |   .0083218   .0554537     0.15   0.881    -.1009865    .1176301
               p4p |   -.001021   .0540278    -0.02   0.985    -.1075187    .1054766
        zmathbase1 |  -.0247241   .0133768    -1.85   0.066    -.0510921    .0016438
        zmathbase2 |  -.0179077   .0116362    -1.54   0.125    -.0408446    .0050293
            female |   -.020749   .0137172    -1.51   0.132    -.0477879    .0062899
            stuage |   7.81e-06   .0087803     0.00   0.999    -.0172996    .0173152
        dad_jhs_yn |   .0004168    .014177     0.03   0.977    -.0275285    .0283621
        mom_jhs_yn |   .0420109   .0173062     2.43   0.016     .0078975    .0761243
               ses |  -.0001294   .0082546    -0.02   0.988    -.0164006    .0161418
        class_size |   .0018134   .0012332     1.47   0.143    -.0006175    .0042443
teacher_experience |  -.0014115   .0026679    -0.53   0.597    -.0066704    .0038475
   teacher_basepay |  -4.77e-06   .0000217    -0.22   0.826    -.0000475    .0000379
    _Icountyid_104 |  -.0338545    .081182    -0.42   0.677    -.1938776    .1261686
    _Icountyid_105 |  -.1671325   .0633865    -2.64   0.009    -.2920776   -.0421873
    _Icountyid_106 |  -.0352667   .0765863    -0.46   0.646    -.1862309    .1156975
    _Icountyid_107 |   .0673457   .0995192     0.68   0.499     -.128823    .2635144
    _Icountyid_108 |  -.0520508   .1131789    -0.46   0.646    -.2751451    .1710434
    _Icountyid_109 |  -.1518275   .0671953    -2.26   0.025    -.2842803   -.0193746
    _Icountyid_110 |   .0832794   .0967778     0.86   0.390    -.1074855    .2740443
    _Icountyid_111 |   .1209318   .2178097     0.56   0.579    -.3084069    .5502704
    _Icountyid_201 |   .4016437   .0894739     4.49   0.000     .2252761    .5780114
    _Icountyid_202 |   .1837995   .0782807     2.35   0.020     .0294954    .3381036
    _Icountyid_203 |   .3431611   .1106436     3.10   0.002     .1250644    .5612578
    _Icountyid_204 |  -.0108407   .0834758    -0.13   0.897    -.1753851    .1537038
    _Icountyid_205 |   .3872671   .0999903     3.87   0.000     .1901698    .5843645
    _Icountyid_206 |   .1545389   .1040058     1.49   0.139    -.0504735    .3595513
    _Icountyid_207 |   .3643524    .113681     3.21   0.002     .1402685    .5884364
             _cons |  -.1905019   .1657927    -1.15   0.252    -.5173065    .1363027
------------------------------------------------------------------------------------
(est5 stored)
i.countyid        _Icountyid_101-207  (naturally coded; _Icountyid_101 omitted)

Linear regression                               Number of obs     =      7,373
                                                F(28, 213)        =       3.84
                                                Prob > F          =     0.0000
                                                R-squared         =     0.0558
                                                Root MSE          =     .47651

                                      (Std. err. adjusted for 214 clusters in schid)
------------------------------------------------------------------------------------
                   |               Robust
stu_percept_t_pr~e | Coefficient  std. err.      t    P>|t|     [95% conf. interval]
-------------------+----------------------------------------------------------------
            levels |    .014209   .0404833     0.35   0.726    -.0655903    .0940082
             gains |   .0223912   .0363527     0.62   0.539     -.049266    .0940483
               p4p |    .040177   .0446675     0.90   0.369      -.04787    .1282239
        zmathbase1 |  -.0013692   .0099107    -0.14   0.890    -.0209049    .0181665
        zmathbase2 |   .0070131   .0086512     0.81   0.418    -.0100398     .024066
            female |  -.0141781   .0118344    -1.20   0.232    -.0375056    .0091494
            stuage |   .0116687   .0078374     1.49   0.138    -.0037801    .0271175
        dad_jhs_yn |   .0384298     .01156     3.32   0.001     .0156431    .0612164
        mom_jhs_yn |   .0156328   .0129021     1.21   0.227    -.0097994     .041065
               ses |   .0112178   .0061194     1.83   0.068    -.0008445    .0232801
        class_size |   .0008991   .0008956     1.00   0.317    -.0008662    .0026645
teacher_experience |  -.0045827   .0018573    -2.47   0.014    -.0082437   -.0009216
   teacher_basepay |  -5.43e-06   .0000146    -0.37   0.710    -.0000342    .0000233
    _Icountyid_104 |   .1522896   .0741609     2.05   0.041     .0061064    .2984728
    _Icountyid_105 |  -.0085766   .0745778    -0.12   0.909    -.1555817    .1384284
    _Icountyid_106 |   .2056399    .081852     2.51   0.013     .0442962    .3669836
    _Icountyid_107 |   .0266746   .0794455     0.34   0.737    -.1299256    .1832747
    _Icountyid_108 |  -.1120247   .1238637    -0.90   0.367    -.3561803    .1321309
    _Icountyid_109 |   -.084892   .0814328    -1.04   0.298    -.2454094    .0756254
    _Icountyid_110 |   .1500917    .077205     1.94   0.053    -.0020919    .3022753
    _Icountyid_111 |   .1399258   .0853953     1.64   0.103    -.0284024    .3082539
    _Icountyid_201 |   .1367336   .0651412     2.10   0.037     .0083296    .2651375
    _Icountyid_202 |   .1721066   .0639984     2.69   0.008     .0459553    .2982578
    _Icountyid_203 |    .144184   .0604463     2.39   0.018     .0250344    .2633335
    _Icountyid_204 |   .2034563   .0680638     2.99   0.003     .0692914    .3376213
    _Icountyid_205 |    .234507   .0887334     2.64   0.009     .0595989    .4094151
    _Icountyid_206 |  -.0541709   .0727475    -0.74   0.457    -.1975682    .0892264
    _Icountyid_207 |   .1957729   .0865161     2.26   0.025     .0252355    .3663104
             _cons |  -.2595632   .1142943    -2.27   0.024     -.484856   -.0342705
------------------------------------------------------------------------------------
(est6 stored)
i.countyid        _Icountyid_101-207  (naturally coded; _Icountyid_101 omitted)

Linear regression                               Number of obs     =      7,372
                                                F(28, 213)        =       4.52
                                                Prob > F          =     0.0000
                                                R-squared         =     0.0668
                                                Root MSE          =     .73701

                                      (Std. err. adjusted for 214 clusters in schid)
------------------------------------------------------------------------------------
                   |               Robust
           t_cares | Coefficient  std. err.      t    P>|t|     [95% conf. interval]
-------------------+----------------------------------------------------------------
            levels |   .0339977   .0630076     0.54   0.590    -.0902007     .158196
             gains |  -.0029533   .0656077    -0.05   0.964    -.1322769    .1263703
               p4p |  -.0049634   .0726719    -0.07   0.946    -.1482116    .1382849
        zmathbase1 |   .0155941   .0140638     1.11   0.269    -.0121279    .0433161
        zmathbase2 |   .0579131   .0151517     3.82   0.000     .0280466    .0877795
            female |   .0044487   .0199597     0.22   0.824    -.0348952    .0437925
            stuage |   .0144846   .0121028     1.20   0.233    -.0093721    .0383413
        dad_jhs_yn |   .0283442   .0202389     1.40   0.163    -.0115499    .0682384
        mom_jhs_yn |  -.0216079   .0215024    -1.00   0.316    -.0639927    .0207769
               ses |   .0234929   .0101936     2.30   0.022     .0033997    .0435861
        class_size |  -.0015546   .0016733    -0.93   0.354    -.0048529    .0017436
teacher_experience |  -.0062457   .0029955    -2.09   0.038    -.0121503   -.0003411
   teacher_basepay |  -.0000465   .0000304    -1.53   0.128    -.0001064    .0000135
    _Icountyid_104 |   .3669627   .1381655     2.66   0.009     .0946159    .6393094
    _Icountyid_105 |   .0715535     .14507     0.49   0.622    -.2144031    .3575102
    _Icountyid_106 |   .3944607   .1549416     2.55   0.012     .0890455    .6998759
    _Icountyid_107 |   .1786403   .1216783     1.47   0.144    -.0612076    .4184882
    _Icountyid_108 |  -.2141946   .1308871    -1.64   0.103    -.4721945    .0438054
    _Icountyid_109 |  -.1296308    .142318    -0.91   0.363    -.4101629    .1509013
    _Icountyid_110 |   .2213473   .1633906     1.35   0.177    -.1007223    .5434169
    _Icountyid_111 |   .2383918   .1663834     1.43   0.153    -.0895771    .5663607
    _Icountyid_201 |   .0355658   .1155079     0.31   0.758    -.1921191    .2632508
    _Icountyid_202 |   .0067053   .1178547     0.06   0.955    -.2256058    .2390163
    _Icountyid_203 |   .1175799   .1328338     0.89   0.377    -.1442572     .379417
    _Icountyid_204 |   .2707694   .1239552     2.18   0.030     .0264333    .5151055
    _Icountyid_205 |   .1330955   .1547344     0.86   0.391    -.1719114    .4381024
    _Icountyid_206 |  -.1516181   .1342668    -1.13   0.260    -.4162799    .1130437
    _Icountyid_207 |    .229871   .1404146     1.64   0.103    -.0469092    .5066512
             _cons |  -.0225329   .2028889    -0.11   0.912    -.4224602    .3773945
------------------------------------------------------------------------------------
(est7 stored)
i.countyid        _Icountyid_101-207  (naturally coded; _Icountyid_101 omitted)

Linear regression                               Number of obs     =      7,373
                                                F(28, 213)        =       7.06
                                                Prob > F          =     0.0000
                                                R-squared         =     0.0584
                                                Root MSE          =     .65687

                                      (Std. err. adjusted for 214 clusters in schid)
------------------------------------------------------------------------------------
                   |               Robust
      t_can_manage | Coefficient  std. err.      t    P>|t|     [95% conf. interval]
-------------------+----------------------------------------------------------------
            levels |  -.0044522   .0492078    -0.09   0.928    -.1014488    .0925445
             gains |   .0007101   .0523942     0.01   0.989    -.1025675    .1039878
               p4p |   .0356055   .0547947     0.65   0.517    -.0724037    .1436148
        zmathbase1 |    .025611   .0126175     2.03   0.044     .0007399    .0504821
        zmathbase2 |   .0628765   .0129417     4.86   0.000     .0373663    .0883867
            female |   .0627302   .0160361     3.91   0.000     .0311204    .0943401
            stuage |  -.0324645   .0103535    -3.14   0.002    -.0528729   -.0120562
        dad_jhs_yn |   .0224389   .0152202     1.47   0.142    -.0075626    .0524405
        mom_jhs_yn |   .0007007   .0173262     0.04   0.968    -.0334522    .0348535
               ses |  -.0005918   .0092073    -0.06   0.949    -.0187409    .0175573
        class_size |  -.0012372   .0012723    -0.97   0.332    -.0037451    .0012707
teacher_experience |  -.0078157   .0021892    -3.57   0.000    -.0121309   -.0035005
   teacher_basepay |  -.0000264   .0000215    -1.23   0.221    -.0000689     .000016
    _Icountyid_104 |   .1296602   .1004668     1.29   0.198    -.0683764    .3276968
    _Icountyid_105 |   .0467638   .1156053     0.40   0.686    -.1811132    .2746408
    _Icountyid_106 |   .2377319   .1082912     2.20   0.029     .0242722    .4511916
    _Icountyid_107 |   .0700623   .1040684     0.67   0.502    -.1350735    .2751981
    _Icountyid_108 |  -.0717378   .1021682    -0.70   0.483    -.2731282    .1296525
    _Icountyid_109 |  -.0694713   .1009971    -0.69   0.492    -.2685531    .1296105
    _Icountyid_110 |   .1980559   .1416458     1.40   0.163    -.0811512    .4772629
    _Icountyid_111 |   .1082783   .1411748     0.77   0.444    -.1700004     .386557
    _Icountyid_201 |  -.0472544   .0780615    -0.61   0.546    -.2011264    .1066175
    _Icountyid_202 |     .00287    .091313     0.03   0.975    -.1771228    .1828629
    _Icountyid_203 |   .1030545   .0963718     1.07   0.286    -.0869101    .2930191
    _Icountyid_204 |   .2321204   .0842655     2.75   0.006     .0660194    .3982215
    _Icountyid_205 |   .0760078   .1259936     0.60   0.547    -.1723462    .3243618
    _Icountyid_206 |  -.0014314   .1179762    -0.01   0.990    -.2339818     .231119
    _Icountyid_207 |   .1496403   .0879488     1.70   0.090    -.0237212    .3230018
             _cons |   .4881131   .1573204     3.10   0.002     .1780088    .7982174
------------------------------------------------------------------------------------
(est8 stored)
i.countyid        _Icountyid_101-207  (naturally coded; _Icountyid_101 omitted)

Linear regression                               Number of obs     =      7,373
                                                F(28, 213)        =       4.84
                                                Prob > F          =     0.0000
                                                R-squared         =     0.0620
                                                Root MSE          =     .66012

                                      (Std. err. adjusted for 214 clusters in schid)
------------------------------------------------------------------------------------
                   |               Robust
    t_communicates | Coefficient  std. err.      t    P>|t|     [95% conf. interval]
-------------------+----------------------------------------------------------------
            levels |  -.0290492   .0552858    -0.53   0.600    -.1380266    .0799282
             gains |   .0430691   .0483003     0.89   0.374    -.0521388     .138277
               p4p |   .0705602   .0670405     1.05   0.294    -.0615876     .202708
        zmathbase1 |   -.017858   .0133393    -1.34   0.182     -.044152     .008436
        zmathbase2 |  -.0009931   .0137447    -0.07   0.942    -.0280861       .0261
            female |  -.0495826   .0153439    -3.23   0.001     -.079828   -.0193372
            stuage |   .0092872   .0105411     0.88   0.379    -.0114911    .0300655
        dad_jhs_yn |   .0345344   .0185368     1.86   0.064    -.0020047    .0710734
        mom_jhs_yn |  -.0155943   .0172519    -0.90   0.367    -.0496007     .018412
               ses |   .0014169   .0090585     0.16   0.876    -.0164389    .0192727
        class_size |   -.000162   .0013397    -0.12   0.904    -.0028028    .0024787
teacher_experience |  -.0030494   .0022976    -1.33   0.186    -.0075784    .0014795
   teacher_basepay |  -.0000231   .0000225    -1.03   0.305    -.0000675    .0000212
    _Icountyid_104 |   .4347709   .1216023     3.58   0.000     .1950728     .674469
    _Icountyid_105 |   .1600539   .0940599     1.70   0.090    -.0253536    .3454614
    _Icountyid_106 |   .2803746   .1063333     2.64   0.009     .0707744    .4899749
    _Icountyid_107 |   .2483556   .1126087     2.21   0.028     .0263855    .4703258
    _Icountyid_108 |  -.0663421   .1047425    -0.63   0.527    -.2728067    .1401225
    _Icountyid_109 |   .1408113   .1065963     1.32   0.188    -.0693075    .3509302
    _Icountyid_110 |   .4496776   .1236704     3.64   0.000      .205903    .6934521
    _Icountyid_111 |   .4126202   .1128074     3.66   0.000     .1902584    .6349821
    _Icountyid_201 |   .3478454    .104125     3.34   0.001      .142598    .5530929
    _Icountyid_202 |   .3023839   .0900506     3.36   0.001     .1248794    .4798884
    _Icountyid_203 |     .52873   .1205545     4.39   0.000     .2910973    .7663627
    _Icountyid_204 |   .4368923    .107246     4.07   0.000     .2254927    .6482918
    _Icountyid_205 |   .3504311    .141912     2.47   0.014     .0706993    .6301629
    _Icountyid_206 |   .0011492   .1106929     0.01   0.992    -.2170448    .2193431
    _Icountyid_207 |   .3717654   .1035793     3.59   0.000     .1675936    .5759371
             _cons |  -.3060894   .1552025    -1.97   0.050     -.612019   -.0001597
------------------------------------------------------------------------------------
(est9 stored)
i.countyid        _Icountyid_101-207  (naturally coded; _Icountyid_101 omitted)

Linear regression                               Number of obs     =      7,371
                                                F(28, 213)        =       7.80
                                                Prob > F          =     0.0000
                                                R-squared         =     0.0463
                                                Root MSE          =     .74168

                                      (Std. err. adjusted for 214 clusters in schid)
------------------------------------------------------------------------------------
                   |               Robust
 parents_help_hmwk | Coefficient  std. err.      t    P>|t|     [95% conf. interval]
-------------------+----------------------------------------------------------------
            levels |  -.0589478   .0487035    -1.21   0.227    -.1549503    .0370547
             gains |   .0621125      .0465     1.34   0.183    -.0295465    .1537716
               p4p |   .0242938   .0481393     0.50   0.614    -.0705967    .1191842
        zmathbase1 |   .0091563   .0122211     0.75   0.455    -.0149336    .0332462
        zmathbase2 |   .0018221    .011909     0.15   0.879    -.0216525    .0252967
            female |  -.0005531   .0183201    -0.03   0.976    -.0366649    .0355588
            stuage |  -.0548589   .0106763    -5.14   0.000    -.0759037   -.0338141
        dad_jhs_yn |   .0448212   .0179583     2.50   0.013     .0094225      .08022
        mom_jhs_yn |   .0650178   .0188644     3.45   0.001     .0278329    .1022026
               ses |   .0429978   .0095678     4.49   0.000      .024138    .0618575
        class_size |   .0009092    .001306     0.70   0.487    -.0016652    .0034835
teacher_experience |   .0023238   .0022222     1.05   0.297    -.0020565    .0067041
   teacher_basepay |   2.34e-07   .0000195     0.01   0.990    -.0000381    .0000386
    _Icountyid_104 |   .0118476   .0904699     0.13   0.896    -.1664834    .1901786
    _Icountyid_105 |   -.109275   .0637448    -1.71   0.088    -.2349264    .0163765
    _Icountyid_106 |    .058054   .0779961     0.74   0.458    -.0956891     .211797
    _Icountyid_107 |  -.1209125   .0868964    -1.39   0.166    -.2921996    .0503746
    _Icountyid_108 |  -.3824632   .0904817    -4.23   0.000    -.5608175    -.204109
    _Icountyid_109 |  -.1022649   .1220084    -0.84   0.403    -.3427634    .1382336
    _Icountyid_110 |   .0423023   .1356826     0.31   0.756    -.2251504     .309755
    _Icountyid_111 |   .0651787   .0872981     0.75   0.456    -.1069002    .2372575
    _Icountyid_201 |   .1877323   .0712166     2.64   0.009     .0473527     .328112
    _Icountyid_202 |   .1865754   .0686756     2.72   0.007     .0512046    .3219462
    _Icountyid_203 |   .2823609   .0871063     3.24   0.001     .1106602    .4540617
    _Icountyid_204 |    .227402   .0645849     3.52   0.001     .1000947    .3547094
    _Icountyid_205 |   .0954212    .097785     0.98   0.330    -.0973291    .2881715
    _Icountyid_206 |   .1583939   .0805769     1.97   0.051    -.0004364    .3172241
    _Icountyid_207 |    .209608   .1046387     2.00   0.046     .0033479    .4158681
             _cons |   .4670832   .1544704     3.02   0.003     .1625966    .7715697
------------------------------------------------------------------------------------
(est10 stored)
i.countyid        _Icountyid_101-207  (naturally coded; _Icountyid_101 omitted)

Linear regression                               Number of obs     =      7,368
                                                F(28, 213)        =       4.11
                                                Prob > F          =     0.0000
                                                R-squared         =     0.0267
                                                Root MSE          =     1.0935

                                      (Std. err. adjusted for 214 clusters in schid)
------------------------------------------------------------------------------------
                   |               Robust
teacher_tutor_ti~s | Coefficient  std. err.      t    P>|t|     [95% conf. interval]
-------------------+----------------------------------------------------------------
            levels |   .1486449   .0762265     1.95   0.052    -.0016101    .2988999
             gains |   .1363327    .070017     1.95   0.053    -.0016824    .2743478
               p4p |   .1181118   .0704907     1.68   0.095     -.020837    .2570605
        zmathbase1 |  -.0645573   .0193629    -3.33   0.001    -.1027247   -.0263898
        zmathbase2 |  -.0030145   .0207301    -0.15   0.885     -.043877    .0378479
            female |   .0318364   .0290471     1.10   0.274    -.0254201     .089093
            stuage |   .0295611   .0162447     1.82   0.070    -.0024598     .061582
        dad_jhs_yn |  -.0301281   .0294469    -1.02   0.307    -.0881727    .0279166
        mom_jhs_yn |   .0444427   .0296296     1.50   0.135     -.013962    .1028474
               ses |  -.0020561   .0137049    -0.15   0.881    -.0290707    .0249585
        class_size |   .0022944   .0018997     1.21   0.228    -.0014502    .0060389
teacher_experience |   .0014169   .0037822     0.37   0.708    -.0060383    .0088722
   teacher_basepay |  -.0000524    .000031    -1.69   0.093    -.0001136    8.84e-06
    _Icountyid_104 |   .2881596   .1608602     1.79   0.075    -.0289222    .6052415
    _Icountyid_105 |   .0288962   .1321703     0.22   0.827    -.2316332    .2894255
    _Icountyid_106 |   .2285697   .1544441     1.48   0.140    -.0758649    .5330043
    _Icountyid_107 |   .1186171   .1404875     0.84   0.399    -.1583068    .3955411
    _Icountyid_108 |  -.1612124   .1086666    -1.48   0.139     -.375412    .0529872
    _Icountyid_109 |  -.1548203   .1251408    -1.24   0.217    -.4014933    .0918527
    _Icountyid_110 |   .4326837   .1818108     2.38   0.018     .0743049    .7910626
    _Icountyid_111 |   .1751825   .2016336     0.87   0.386    -.2222704    .5726354
    _Icountyid_201 |   .1459797   .1365628     1.07   0.286     -.123208    .4151673
    _Icountyid_202 |   .0264789   .1182396     0.22   0.823    -.2065907    .2595486
    _Icountyid_203 |   .2344533   .1176033     1.99   0.047     .0026378    .4662687
    _Icountyid_204 |   .0422239   .1252921     0.34   0.736    -.2047473    .2891952
    _Icountyid_205 |   .0759704   .1867966     0.41   0.685    -.2922363     .444177
    _Icountyid_206 |  -.2054664   .1076858    -1.91   0.058    -.4177328       .0068
    _Icountyid_207 |   .2985338   .2039885     1.46   0.145     -.103561    .7006286
             _cons |  -.0488557   .2445216    -0.20   0.842    -.5308478    .4331364
------------------------------------------------------------------------------------
(est11 stored)
i.countyid        _Icountyid_101-207  (naturally coded; _Icountyid_101 omitted)

Linear regression                               Number of obs     =      7,363
                                                F(28, 213)        =       3.70
                                                Prob > F          =     0.0000
                                                R-squared         =     0.0922
                                                Root MSE          =     .27633

                                      (Std. err. adjusted for 214 clusters in schid)
------------------------------------------------------------------------------------
                   |               Robust
   substitute_time | Coefficient  std. err.      t    P>|t|     [95% conf. interval]
-------------------+----------------------------------------------------------------
            levels |  -.0097486   .0302597    -0.32   0.748    -.0693955    .0498983
             gains |    -.01421   .0332108    -0.43   0.669    -.0796739    .0512539
               p4p |  -.0315402   .0342186    -0.92   0.358    -.0989907    .0359104
        zmathbase1 |    -.00911   .0061486    -1.48   0.140    -.0212298    .0030098
        zmathbase2 |   .0089206   .0054229     1.65   0.101    -.0017687      .01961
            female |  -.0157592   .0058401    -2.70   0.008     -.027271   -.0042474
            stuage |   .0005551   .0041991     0.13   0.895    -.0077221    .0088323
        dad_jhs_yn |  -.0029498   .0079555    -0.37   0.711    -.0186313    .0127318
        mom_jhs_yn |   .0134614   .0078545     1.71   0.088    -.0020211     .028944
               ses |  -.0016166   .0035665    -0.45   0.651    -.0086468    .0054136
        class_size |  -.0015033   .0007872    -1.91   0.058    -.0030549    .0000484
teacher_experience |  -.0006493   .0013941    -0.47   0.642    -.0033974    .0020987
   teacher_basepay |  -1.46e-06   .0000111    -0.13   0.896    -.0000234    .0000205
    _Icountyid_104 |  -.0319766   .0423575    -0.75   0.451    -.1154702     .051517
    _Icountyid_105 |  -.0044885   .0406005    -0.11   0.912    -.0845188    .0755418
    _Icountyid_106 |  -.0235967   .0260275    -0.91   0.366    -.0749012    .0277077
    _Icountyid_107 |  -.0112775   .0606098    -0.19   0.853    -.1307493    .1081944
    _Icountyid_108 |   .0191236   .0335871     0.57   0.570    -.0470821    .0853292
    _Icountyid_109 |  -.1331505   .0831251    -1.60   0.111    -.2970037    .0307026
    _Icountyid_110 |  -.0574793   .0353567    -1.63   0.105    -.1271732    .0122145
    _Icountyid_111 |  -.0622762   .0441093    -1.41   0.159     -.149223    .0246705
    _Icountyid_201 |  -.1411101   .0414553    -3.40   0.001    -.2228252    -.059395
    _Icountyid_202 |  -.1630315   .0367494    -4.44   0.000    -.2354705   -.0905924
    _Icountyid_203 |  -.2715958   .0573525    -4.74   0.000     -.384647   -.1585446
    _Icountyid_204 |  -.0515894   .0317669    -1.62   0.106    -.1142073    .0110284
    _Icountyid_205 |  -.2700403   .0916631    -2.95   0.004    -.4507234   -.0893573
    _Icountyid_206 |  -.1257323   .0539073    -2.33   0.021    -.2319924   -.0194723
    _Icountyid_207 |  -.1215106   .0487525    -2.49   0.013    -.2176098   -.0254113
             _cons |   .1848912   .0771831     2.40   0.017     .0327507    .3370318
------------------------------------------------------------------------------------
(est12 stored)

.         
.         preserve

.         collapse z_final_score t_makes_effort $inc_design $base_covs $other_covs control countyid schid, by(teachid)

.         
.                 eststo: xi: reg t_makes_effort $inc_design $base_covs $other_covs, vce(cluster schid)   

Linear regression                               Number of obs     =        235
                                                F(13, 206)        =       1.40
                                                Prob > F          =     0.1597
                                                R-squared         =     0.0801
                                                Root MSE          =     .39005

                                      (Std. err. adjusted for 207 clusters in schid)
------------------------------------------------------------------------------------
                   |               Robust
    t_makes_effort | Coefficient  std. err.      t    P>|t|     [95% conf. interval]
-------------------+----------------------------------------------------------------
            levels |   .0359482     .08372     0.43   0.668    -.1291096     .201006
             gains |   .0083202   .0815219     0.10   0.919     -.152404    .1690445
               p4p |   -.026595   .0818803    -0.32   0.746    -.1880259    .1348359
        zmathbase1 |   .1600682   .0817349     1.96   0.052     -.001076    .3212123
        zmathbase2 |  -.0706418   .0680415    -1.04   0.300    -.2047889    .0635052
            female |  -.0794918   .2322617    -0.34   0.733    -.5374065    .3784229
            stuage |  -.1308739    .064838    -2.02   0.045     -.258705   -.0030428
        dad_jhs_yn |   .0698393   .1977966     0.35   0.724    -.3201259    .4598045
        mom_jhs_yn |  -.5527841   .2099586    -2.63   0.009    -.9667273    -.138841
               ses |  -.0055882    .077925    -0.07   0.943     -.159221    .1480445
        class_size |  -.0023419   .0013811    -1.70   0.091    -.0050648    .0003809
teacher_experience |  -.0035566   .0027304    -1.30   0.194    -.0089398    .0018265
   teacher_basepay |  -.0000137   .0000353    -0.39   0.698    -.0000834    .0000559
             _cons |   1.947374   .8592482     2.27   0.024      .253326    3.641422
------------------------------------------------------------------------------------
(est13 stored)

.         restore 

.         
. esttab using "`outdir'/AppTable4.csv", nolabel b(3) se(3) star(* 0.10 ** 0.05 *** 0.01) keep($inc_design) replace
(file E:\One Drive\OneDrive - connect.hku.hk\Desktop\test/output/replication/AppTable4.csv not found)
(output written to E:\One Drive\OneDrive - connect.hku.hk\Desktop\test/output/replication/AppTable4.csv)

. 
. 
. /*---------------------------------------------------------------------------------*/
. 
. /***************/
. /****FIGURES****/
. /***************/
. 
. /*---------------------------------------------------------------------------------*/
. /*Figure 1: Distribution of Test Scores across Groups (Adjusted)*/
. 
. 
. qui reg z_final_score $base_covs $other_covs i.countyid, vce(cluster schid)

. predict e, resid
(1,699 missing values generated)

.  
. distplot line e, by(treatment4groups) midpoint ///
> legend(label(1 Control) label(2 Levels) label(3 Gains) label(4 Pay-for-Pctile) cols(4)) ///
>         ytitle("Cumulative share") xtitle("Residualized endline score") xlabel(-3(0.5)3) graphregion(color(white)) scheme(s2mono)

. graph export "`outdir'/Figure1_all.pdf", replace
file E:\One Drive\OneDrive - connect.hku.hk\Desktop\test/output/replication/Figure1_all.pdf saved as PDF format

.         
. distplot line e if control == 1 | small == 1, by(treatment4groups) midpoint ///
> legend(label(1 Control) label(2 Levels) label(3 Gains) label(4 Pay-for-Pctile) cols(4)) ///
>         ytitle("Cumulative share") xtitle("Residualized endline score") xlabel(-3(0.5)3) graphregion(color(white)) scheme(s2mono)

. graph export "`outdir'/Figure1_small.pdf", replace
file E:\One Drive\OneDrive - connect.hku.hk\Desktop\test/output/replication/Figure1_small.pdf saved as PDF format

. 
. distplot line e if control == 1 | big == 1, by(treatment4groups) midpoint ///
> legend(label(1 Control) label(2 Levels) label(3 Gains) label(4 Pay-for-Pctile) cols(4)) ///
>         ytitle("Cumulative share") xtitle("Residualized endline score") xlabel(-3(0.5)3) graphregion(color(white)) scheme(s2mono)

. graph export "`outdir'/Figure1_large.pdf", replace
file E:\One Drive\OneDrive - connect.hku.hk\Desktop\test/output/replication/Figure1_large.pdf saved as PDF format

.         
. drop e  

. /*---------------------------------------------------------------------------------*/
. 
. /*---------------------------------------------------------------------------------*/
. /*Appendix Figure 1: Distribution of Test Scores across Groups (Unadjusted)*/
. distplot line z_final_score, by(treatment4groups) midpoint ///
> legend(label(1 Control) label(2 Levels) label(3 Gains) label(4 Pay-for-Pctile) cols(4)) ///
>         ytitle("Cumulative share") xtitle("Normalized Endline Score") xlabel(-2.5(0.5)2.5) graphregion(color(white)) scheme(s2mono)

. graph export "`outdir'/FigureA1.pdf", replace
file E:\One Drive\OneDrive - connect.hku.hk\Desktop\test/output/replication/FigureA1.pdf saved as PDF format

. /*---------------------------------------------------------------------------------*/
. 
. log close replication
      name:  replication
       log:  E:\One Drive\OneDrive - connect.hku.hk\Desktop\test/output/logs/replication.log
  log type:  text
 closed on:   6 Oct 2026, 17:52:48
---------------------------------------------------------------------------------------------------------------------------------------------------------------------------------------------------------------------------------------------------------------
